bundle_id,item_name,genre
696,Techwars Online,"['Action', 'Indie', 'Massively Multiplayer', 'Strategy']"
696,Techwars online - Original Soundtrack,"['Action', 'Indie', 'Massively Multiplayer', 'Strategy']"
696,Techwars online - Art book,"['Action', 'Indie', 'Massively Multiplayer', 'Strategy']"
697,Affairs of the Court: Choice of Romance,"['Adventure', 'Indie', 'RPG']"
697,Affairs of the Court: Choice of Romance - Play as the Consort,"['Adventure', 'Indie', 'RPG']"
697,Affairs of the Court: Choice of Romance - A Life Mage Child,"['Adventure', 'Indie', 'RPG']"
697,Affairs of the Court: Choice of Romance - Death to the Princess,"['Adventure', 'Indie', 'RPG']"
700,Megadimension Neptunia VII Weapon Pack,"['RPG', 'Strategy']"
700,Megadimension Neptunia VII Trial Weapon Pack,"['RPG', 'Strategy']"
700,Megadimension Neptunia VII Ultimate Weapon Pack,"['RPG', 'Strategy']"
700,Megadimension Neptunia VII Nightwear Pack,"['RPG', 'Strategy']"
700,Megadimension Neptunia VII Swimsuit Pack,"['RPG', 'Strategy']"
700,Megadimension Neptunia VII Equipment Pack,"['RPG', 'Strategy']"
700,Megadimension Neptunia VII Processor Pack,"['RPG', 'Strategy']"
700,Megadimension Neptunia VII Party Character [Umio],"['RPG', 'Strategy']"
700,Megadimension Neptunia VII Party Character [Nepgya],"['RPG', 'Strategy']"
700,Megadimension Neptunia VII Party Character [Million Arthur],"['RPG', 'Strategy']"
700,Megadimension Neptunia VII Party Character [God Eater],"['RPG', 'Strategy']"
700,Megadimension Neptunia VII Party Character [Nitroplus],"['RPG', 'Strategy']"
701,Black Rose,['Action']
701,Japanese Iris,['Action']
701,Bande Dessinee,['Action']
701,Red Swan,['Action']
701,Amazonic Green & Amazonic Turquoise,['Action']
701,Cutie Marine (Blue) & Cutie Marine (Yellow),['Action']
701,Jet Spanglette (Black) & Jet Spanglette (Red),['Action']
701,Fizzy & Dizzy (Berry) & Fizzy & Dizzy (Cider),['Action']
701,Golden Kagura Pigtails,['Action']
701,Golden Saaya Ponytail,['Action']
701,Golden Wavy Long 'Do,['Action']
701,Golden Saki Pigtails,['Action']
701,Authentic Bunny & Fetish Bunny,['Action']
701,Cowboy Hat,['Action']
701,GaGaGa Ribbon Golden & GaGaGa Ribbon,['Action']
701,Ponytail Wig & Blonde Ponytail Wig,['Action']
701,Rider Scarf,['Action']
701,Rider Belt,['Action']
701,Beast Hands,['Action']
701,Straight Pigtails & Golden Straight Pigtails,['Action']
701,Voluminous Ponytail & Golden Voluminous Ponytail,['Action']
701,Cool Short 'Do & Golden Cool Short 'Do,['Action']
701,Long Ponytail & Golden Long Ponytail,['Action']
701,THE NINJA (Purple) & THE NINJA (Green),['Action']
701,Giant Sword,['Action']
701,Nunchaku,['Action']
701,Death Claw,['Action']
701,Handgun,['Action']
701,Wolf's Hair & Golden Wolf's Hair,['Action']
701,Short Bob & Golden Short Bob,['Action']
701,Wavy Medium 'Do & Golden Wavy Medium 'Do,['Action']
701,Wavy Side Tail & Golden Wavy Side Tail,['Action']
701,Pale Blue Gullwings & Pale Blue Visor,['Action']
701,Strawberry Banana Surprise (X),['Action']
701,Strawberry Banana Surprise (Y),['Action']
701,Pale Pink Gullwings & Pale Pink Visor,['Action']
701,Kitten Mittens & Fuzzy Leggings,['Action']
704,Zombie Zoeds,"['Action', 'Adventure', 'Casual', 'Indie']"
704,Klabi,"['Action', 'Adventure', 'Indie']"
704,Aircraft War X,"['Action', 'Indie', 'Simulation']"
708,The Dope Game,"['Adventure', 'Casual', 'Simulation']"
708,The Dope Game: The Stash,"['Adventure', 'Casual', 'Simulation']"
709,Higurashi When They Cry Hou - Ch.1 Onikakushi,['Adventure']
709,Higurashi When They Cry Hou - Ch.2 Watanagashi,['Adventure']
709,Higurashi When They Cry Hou - Ch.3 Tatarigoroshi,['Adventure']
710,Sakura Spirit,['Indie']
710,Sakura Angels,"['Casual', 'Indie']"
710,Sakura Fantasy Chapter 1,"['Casual', 'Indie']"
710,Sakura Beach,"['Indie', 'Simulation']"
710,Sakura Swim Club,"['Casual', 'Indie']"
710,Sakura Dungeon,"['Adventure', 'Indie', 'RPG']"
710,Sakura Beach 2,"['Casual', 'Indie']"
710,Sakura Santa,"['Adventure', 'Casual']"
710,Sakura Shrine Girls,"['Casual', 'Indie']"
712,Borderlands: The Zombie Island of Dr. Ned,"['Action', 'RPG']"
712,Borderlands: Mad Moxxi's Underdome Riot,"['Action', 'RPG']"
712,Borderlands: The Secret Armory of General Knoxx,"['Action', 'RPG']"
712,Borderlands: Claptrap's Robot Revolution,"['Action', 'RPG']"
712,Borderlands,"['Action', 'RPG']"
712,Borderlands 2,"['Action', 'RPG']"
712,Borderlands: The Pre-Sequel,"['Action', 'RPG']"
712,Tales from the Borderlands,['Adventure']
718,Neon Drive,"['Action', 'Indie']"
718,Neon Drive - Soundtrack,['none']
721,Trine Enchanted Edition,"['Action', 'Adventure', 'Indie']"
721,Trine 2: Complete Story,"['Action', 'Adventure', 'Indie']"
721,Trine 3: The Artifacts of Power,"['Action', 'Adventure', 'Indie']"
724,Siege Wars,"['Casual', 'Indie']"
724,Mind Games,['Indie']
724,Colours of Magic: Aqua Teeter,"['Casual', 'Indie']"
725,PERFECT ANGLE: The puzzle game based on optical illusions,"['Adventure', 'Casual', 'Indie', 'Strategy']"
725,Perfect Angle VR - Zen edition,"['Casual', 'Indie', 'Simulation', 'Strategy']"
727,The Witcher: Enhanced Edition Director's Cut,"['Action', 'RPG']"
727,The Witcher 2: Assassins of Kings Enhanced Edition,['RPG']
727,The Witcher® 3: Wild Hunt,['RPG']
728,99 Spirits,"['Adventure', 'Indie', 'RPG']"
728,99 Spirits - Cage of Night,"['Adventure', 'Indie', 'RPG']"
728,99 Spirits - Weeping Demon's Bell,"['Adventure', 'Indie']"
728,99 Spirits - Art Book + Music Collection,"['Adventure', 'Indie', 'RPG']"
728,War of the Human Tanks,"['Adventure', 'Indie', 'Strategy']"
728,Sound of the Human Tanks,"['Adventure', 'Indie', 'Strategy']"
728,100% Orange Juice,"['Indie', 'Strategy']"
728,War of the Human Tanks - ALTeR,"['Adventure', 'Indie', 'Strategy']"
728,War of the Human Tanks - Limited Operations,"['Adventure', 'Indie', 'Strategy']"
728,Sound of the Human Tanks - LO,['none']
728,QP Shooting - Dangerous!!,"['Action', 'Indie']"
728,100% Orange Juice - Syura & Nanako Character Pack,"['Indie', 'Strategy']"
728,100% Orange Juice - Saki & Kyousuke Character Pack,"['Indie', 'Strategy']"
728,200% Mixed Juice!,"['Adventure', 'Indie', 'RPG']"
728,ManaCollect,"['Action', 'Adventure']"
728,100% Orange Juice - Mixed Booster Pack,"['Indie', 'Strategy']"
728,Magical Eyes - Red is for Anguish,"['Adventure', 'Indie']"
728,100% Orange Juice - Krila & Kae Character Pack,"['Indie', 'Strategy']"
728,100% Orange Juice - Alte & Kyoko Character Pack,"['Indie', 'Strategy']"
728,Sora,"['Action', 'Indie']"
728,Sora no Kakera - Sora Original Soundtrack,['Action']
728,Celeste - Sora Extra Soundtrack,['Action']
728,100% Orange Juice - Sham & Sherry Character Pack,"['Indie', 'Strategy']"
728,100% Orange Juice - Breaker Pack,"['Indie', 'Strategy']"
729,Dracula 4 and  5 - Special Steam Edition,['Adventure']
729,Dracula: The Resurrection,"['Adventure', 'Casual']"
729,Dracula 2: The Last Sanctuary,"['Adventure', 'Casual']"
729,Dracula 3: The Path of the Dragon,"['Adventure', 'Casual']"
730,Dead Star - Ordo Robots Pilot Portrait and Ship Paint Pack,"['Action', 'Indie']"
730,Dead Star - Kurg Ship Expansion,"['Action', 'Indie']"
730,Dead Star - Quaz'l Ship Expansion,"['Action', 'Indie']"
730,Dead Star,"['Action', 'Indie']"
734,DEMIAN,['none']
734,Break Ups,['none']
736,The Deed,"['Adventure', 'RPG']"
736,Space Pilgrim Episode I: Alpha Centauri,"['Adventure', 'Indie']"
736,Space Pilgrim Episode II: Epsilon Indi,"['Adventure', 'Indie']"
736,Space Pilgrim Episode III: Delta Pavonis,"['Adventure', 'Indie']"
736,Space Pilgrim Episode IV: Sol,"['Adventure', 'Indie']"
736,The Deed: Dynasty,"['Adventure', 'Indie', 'RPG']"
746,Hero of the Kingdom,"['Adventure', 'Casual', 'Indie', 'RPG']"
746,War on Folvos,"['Indie', 'Strategy']"
746,Hero of the Kingdom II,"['Adventure', 'Casual', 'Indie', 'RPG']"
746,Empire of the Gods,"['Casual', 'Indie', 'Strategy']"
746,Townopolis,"['Casual', 'Indie', 'Simulation', 'Strategy']"
746,Romopolis,"['Casual', 'Indie', 'Simulation', 'Strategy']"
746,Megapolis,"['Casual', 'Indie', 'Simulation', 'Strategy']"
747,Mayan Death Robots,"['Action', 'Indie']"
747,Defunct,"['Adventure', 'Indie', 'Racing']"
747,Tic-Toc-Tower,"['Action', 'Adventure', 'Indie']"
747,Save the Dodos,"['Casual', 'Indie']"
749,Abyss: The Wraiths of Eden,"['Adventure', 'Casual']"
749,Dark Arcana: The Carnival,"['Adventure', 'Casual']"
749,9 Clues 2: The Ward,"['Adventure', 'Casual']"
749,Grim Legends 3: The Dark City,"['Adventure', 'Casual']"
750,Divergent,['none']
750,The Divergent Series: Insurgent,['none']
750,The Divergent Series: Allegiant,['none']
751,Nightmares from the Deep: The Cursed Heart,"['Adventure', 'Casual']"
751,Grim Legends 2: Song of the Dark Swan,"['Adventure', 'Casual']"
751,The Secret Order 3: Ancient Times,"['Adventure', 'Casual']"
751,Mythic Wonders: The Philosopher's Stone,"['Adventure', 'Casual']"
752,Enigmatis 2: The Mists of Ravenwood,"['Adventure', 'Casual']"
752,9 Clues: The Secret of Serpent Creek,"['Adventure', 'Casual']"
752,Left in the Dark: No One on Board,"['Adventure', 'Casual']"
752,Vampire Legends: The True Story of Kisilova,"['Adventure', 'Casual']"
753,Nightmares from the Deep 3: Davy Jones,"['Adventure', 'Casual']"
753,Grim Legends: The Forsaken Bride,['Casual']
753,Fairy Tale Mysteries 2: The Beanstalk,"['Adventure', 'Casual']"
753,Eventide: Slavic Fable,"['Adventure', 'Casual']"
754,Enigmatis: The Ghosts of Maple Creek,"['Adventure', 'Casual']"
754,Nightmares from the Deep 2: The Siren`s Call,"['Adventure', 'Casual']"
754,Mind Snares: Alice's Journey,"['Adventure', 'Casual']"
754,The Secret Order 2: Masked Intent,"['Adventure', 'Casual']"
755,Tom Clancy's Rainbow Six® Vegas,['Action']
755,Tom Clancy's Rainbow Six® Vegas 2,['Action']
755,Tom Clancy's Rainbow Six Lockdown™,['Action']
755,Tom Clancy's Rainbow Six® 3 Gold,['Action']
755,Tom Clancy's Rainbow Six® Siege,['Action']
757,Assassin’s Creed® IV Black Flag™,"['Action', 'Adventure']"
757,Assassin's Creed® Unity,"['Action', 'Adventure']"
757,Assassin’s Creed® Rogue,"['Action', 'Adventure']"
757,Assassin's Creed® Syndicate,"['Action', 'Adventure']"
758,8-Bit Armies,"['Indie', 'Simulation', 'Strategy']"
758,8-Bit Armies - Soundtrack,"['Simulation', 'Strategy']"
758,8-Bit Armies - Guardians Campaign,"['Indie', 'Simulation', 'Strategy']"
759,Heroes of Might & Magic V,['Strategy']
759,Heroes of Might & Magic V: Hammers of Fate,['Strategy']
759,Heroes of Might & Magic V: Tribes of the East,['Strategy']
759,Heroes® of Might & Magic® III - HD Edition,"['RPG', 'Strategy']"
760,Rayman® Origins,"['Action', 'Adventure']"
760,Rayman® Legends,"['Action', 'Adventure']"
760,Valiant Hearts: The Great War™ / Soldats Inconnus : Mémoires de la Grande Guerre™,['Adventure']
760,Toy Soldiers: War Chest,"['Action', 'Casual', 'Strategy']"
760,Child of Light,['RPG']
760,Trials Fusion™,['Racing']
760,Tetris® Ultimate,['Casual']
761,Choice of the Deathless,"['Indie', 'RPG']"
761,Psy High,"['Indie', 'RPG']"
761,A Wise Use of Time,"['Indie', 'RPG']"
761,Deathless: The City's Thirst,"['Indie', 'RPG']"
761,MetaHuman Inc.,"['Indie', 'RPG']"
761,The ORPHEUS Ruse,"['Indie', 'RPG']"
762,MetaHuman Inc.,"['Indie', 'RPG']"
762,The ORPHEUS Ruse,"['Indie', 'RPG']"
763,Choice of Robots,"['Indie', 'RPG']"
763,Choice of Alexandria,"['Adventure', 'Indie', 'RPG']"
764,Mecha Ace,"['Indie', 'RPG']"
764,Choice of Robots,"['Indie', 'RPG']"
764,VERSUS: The Lost Ones,"['Indie', 'RPG']"
764,Ratings War,"['Indie', 'RPG']"
765,The Hero of Kendrickstone,"['Indie', 'RPG']"
765,Choice of the Petal Throne,"['Indie', 'RPG']"
765,Champion of the Gods,"['Indie', 'RPG']"
765,Pendragon Rising,"['Indie', 'RPG']"
765,Choice of Kung Fu,"['Indie', 'RPG']"
766,Thieves' Gambit: The Curse of the Black Cat,"['Indie', 'RPG']"
766,The Daring Mermaid Expedition,"['Indie', 'RPG']"
766,It's Killing Time,"['Adventure', 'Indie', 'RPG']"
766,Choice of the Pirate,"['Adventure', 'Indie', 'RPG']"
767,Heroes Rise: The Prodigy,"['Indie', 'RPG']"
767,Heroes Rise: The Hero Project,"['Indie', 'RPG']"
767,Heroes Rise: HeroFall,"['Indie', 'RPG']"
767,VERSUS: The Lost Ones,"['Indie', 'RPG']"
767,A Wise Use of Time,"['Indie', 'RPG']"
767,Diabolical,"['Indie', 'RPG']"
767,The Hero Project: Redemption Season,"['Adventure', 'Indie', 'RPG']"
768,Choice of the Deathless,"['Indie', 'RPG']"
768,Choice of Robots,"['Indie', 'RPG']"
768,SLAMMED!,"['Indie', 'RPG']"
768,Hollywood Visionary,"['Indie', 'RPG']"
768,Deathless: The City's Thirst,"['Indie', 'RPG']"
768,Pendragon Rising,"['Indie', 'RPG']"
768,The Sea Eternal,"['Adventure', 'Indie', 'RPG']"
769,Mecha Ace,"['Indie', 'RPG']"
769,The Hero of Kendrickstone,"['Indie', 'RPG']"
770,Heroes Rise: The Prodigy,"['Indie', 'RPG']"
770,Heroes Rise: The Hero Project,"['Indie', 'RPG']"
770,Heroes Rise: The Hero Project - Warning System,"['Indie', 'RPG']"
770,Heroes Rise: The Hero Project - Perfect Legend Guide,"['Indie', 'RPG']"
770,Heroes Rise: The Prodigy - Perfect Legend Guide,"['Indie', 'RPG']"
770,Heroes Rise: HeroFall,"['Indie', 'RPG']"
770,Heroes Rise: HeroFall - Warning System,"['Indie', 'RPG']"
770,Heroes Rise: HeroFall - Perfect Legend Guide,"['Indie', 'RPG']"
770,Heroes Rise: HeroFall - Ad Space,"['Indie', 'RPG']"
770,Choice of the Deathless,"['Indie', 'RPG']"
770,Mecha Ace,"['Indie', 'RPG']"
770,Thieves' Gambit: The Curse of the Black Cat,"['Indie', 'RPG']"
770,Choice of Robots,"['Indie', 'RPG']"
770,Psy High,"['Indie', 'RPG']"
770,SLAMMED!,"['Indie', 'RPG']"
770,The Hero of Kendrickstone,"['Indie', 'RPG']"
770,Choice of the Petal Throne,"['Indie', 'RPG']"
770,Hollywood Visionary,"['Indie', 'RPG']"
770,Champion of the Gods,"['Indie', 'RPG']"
770,VERSUS: The Lost Ones,"['Indie', 'RPG']"
770,VERSUS: The Lost Ones - WorningBird Hints,"['Indie', 'RPG']"
770,A Wise Use of Time,"['Indie', 'RPG']"
770,Ratings War,"['Indie', 'RPG']"
770,Deathless: The City's Thirst,"['Indie', 'RPG']"
770,Diabolical,"['Indie', 'RPG']"
770,Pendragon Rising,"['Indie', 'RPG']"
770,Choice of Kung Fu,"['Indie', 'RPG']"
770,MetaHuman Inc.,"['Indie', 'RPG']"
770,The ORPHEUS Ruse,"['Indie', 'RPG']"
770,Sixth Grade Detective,"['Indie', 'RPG']"
770,The Daring Mermaid Expedition,"['Indie', 'RPG']"
770,The Hero Project: Redemption Season,"['Adventure', 'Indie', 'RPG']"
770,The Hero Project: Redemption Season - MeChip Warning System,"['Adventure', 'Indie', 'RPG']"
770,It's Killing Time,"['Adventure', 'Indie', 'RPG']"
770,The Sea Eternal,"['Adventure', 'Indie', 'RPG']"
770,Choice of Alexandria,"['Adventure', 'Indie', 'RPG']"
770,Choice of the Pirate,"['Adventure', 'Indie', 'RPG']"
770,Affairs of the Court: Choice of Romance,"['Adventure', 'Indie', 'RPG']"
770,Affairs of the Court: Choice of Romance - Play as the Consort,"['Adventure', 'Indie', 'RPG']"
770,Affairs of the Court: Choice of Romance - A Life Mage Child,"['Adventure', 'Indie', 'RPG']"
770,Affairs of the Court: Choice of Romance - Death to the Princess,"['Adventure', 'Indie', 'RPG']"
770,A Midsummer Night's Choice,"['Adventure', 'Indie', 'RPG']"
771,DreadOut,"['Adventure', 'Indie']"
771,DreadOut Soundtrack & Manga DLC,"['Adventure', 'Indie']"
771,DreadOut: Keepers of The Dark,"['Adventure', 'Indie']"
772,Tin Star,"['Indie', 'RPG']"
772,Zombie Exodus,"['Indie', 'RPG']"
772,A Study in Steampunk: Choice by Gaslight,"['Indie', 'RPG']"
772,Community College Hero: Trial by Fire,"['Indie', 'RPG']"
772,The Lost Heir 2: Forging a Kingdom,"['Indie', 'RPG']"
772,The Lost Heir: The Fall of Daria,"['Indie', 'RPG']"
772,Sabres of Infinity,"['Adventure', 'Indie', 'RPG']"
772,Guns of Infinity,"['Adventure', 'Indie', 'RPG']"
772,Best of Us,"['Adventure', 'Indie', 'RPG']"
772,Machinations: Fog of War,"['Adventure', 'Indie', 'RPG']"
773,Sabres of Infinity,"['Adventure', 'Indie', 'RPG']"
773,Guns of Infinity,"['Adventure', 'Indie', 'RPG']"
774,The Lost Heir 2: Forging a Kingdom,"['Indie', 'RPG']"
774,The Lost Heir: The Fall of Daria,"['Indie', 'RPG']"
775,Choice of the Deathless,"['Indie', 'RPG']"
775,Deathless: The City's Thirst,"['Indie', 'RPG']"
776,Heroes Rise: The Prodigy,"['Indie', 'RPG']"
776,Heroes Rise: The Hero Project,"['Indie', 'RPG']"
776,Heroes Rise: The Hero Project - Warning System,"['Indie', 'RPG']"
776,Heroes Rise: The Hero Project - Perfect Legend Guide,"['Indie', 'RPG']"
776,Heroes Rise: The Prodigy - Perfect Legend Guide,"['Indie', 'RPG']"
776,Heroes Rise: HeroFall,"['Indie', 'RPG']"
776,Heroes Rise: HeroFall - Warning System,"['Indie', 'RPG']"
776,Heroes Rise: HeroFall - Perfect Legend Guide,"['Indie', 'RPG']"
776,Heroes Rise: HeroFall - Ad Space,"['Indie', 'RPG']"
778,Townopolis,"['Casual', 'Indie', 'Simulation', 'Strategy']"
778,Romopolis,"['Casual', 'Indie', 'Simulation', 'Strategy']"
778,Megapolis,"['Casual', 'Indie', 'Simulation', 'Strategy']"
779,Hero of the Kingdom,"['Adventure', 'Casual', 'Indie', 'RPG']"
779,Hero of the Kingdom II,"['Adventure', 'Casual', 'Indie', 'RPG']"
780,Eador. Masters of the Broken World,"['Indie', 'Strategy']"
780,Eador: Genesis,"['Indie', 'Strategy']"
780,Eador. Masters of the Broken World - Allied Forces,"['Indie', 'Strategy']"
780,Eador. Imperium,"['Indie', 'RPG', 'Strategy', 'Early Access']"
781,Syder Arcade,"['Action', 'Indie']"
781,Super Cane Magic ZERO,"['Action', 'Indie', 'RPG', 'Early Access']"
782,Vector Strain,"['Action', 'Indie']"
782,AWA,"['Action', 'Indie']"
789,Steam Controller,['none']
789,Steam Link,['none']
798,Runestone Keeper,"['Casual', 'Indie', 'RPG', 'Strategy']"
798,Runestone Keeper - Soundtrack,"['Casual', 'Indie', 'RPG', 'Strategy']"
799,Lucius,"['Action', 'Adventure', 'Indie']"
799,Lucius II,"['Action', 'Adventure', 'Indie', 'Simulation']"
799,Lucius Demake,"['Action', 'Adventure', 'Casual', 'Indie']"
801,Waveform,"['Action', 'Adventure', 'Casual', 'Indie', 'Simulation', 'Strategy']"
801,Intergalactic Bubbles,"['Action', 'Casual', 'Indie', 'Strategy']"
801,Gun Rocket,"['Action', 'Adventure', 'Indie', 'Strategy']"
802,DETOUR,"['Action', 'Indie', 'Simulation', 'Strategy']"
802,The Howler,"['Action', 'Adventure', 'Casual', 'Indie', 'Simulation', 'Sports', 'Strategy']"
802,Battle Ranch: Pigs vs Plants,"['Action', 'Adventure', 'Casual', 'Indie', 'Strategy']"
802,Flight of the Paladin,"['Action', 'Adventure', 'Indie', 'Strategy']"
802,The Odyssey: Winds of Athena,"['Action', 'Adventure', 'Casual', 'Indie', 'Simulation', 'Strategy']"
803,BEEP,"['Action', 'Adventure', 'Indie', 'Simulation', 'Strategy']"
803,Out There Somewhere,"['Action', 'Adventure', 'Indie', 'Simulation', 'Strategy']"
803,Airscape - The Fall of Gravity,"['Action', 'Adventure', 'Indie']"
803,Camera Obscura,"['Action', 'Adventure', 'Casual', 'Indie']"
803,DRAGON: A Game About a Dragon,"['Adventure', 'Casual', 'Indie', 'RPG']"
803,Rolling Sun,"['Action', 'Adventure', 'Indie', 'Simulation', 'Strategy']"
803,Spaceport Hope,"['Action', 'Adventure', 'Indie']"
803,LocoSoccer,"['Casual', 'Indie', 'Simulation', 'Sports']"
803,Squirbs,"['Action', 'Adventure', 'Indie', 'Strategy']"
804,Revolution Ace,"['Action', 'Adventure', 'Indie', 'RPG', 'Simulation', 'Strategy']"
804,PARTICLE MACE,"['Action', 'Adventure', 'Casual', 'Indie', 'Strategy']"
804,Star Saviors,"['Action', 'Adventure', 'Indie', 'RPG', 'Strategy']"
805,Way of Gold and Steel,"['Indie', 'Strategy']"
805,Planet in the Shadows,"['Adventure', 'Indie']"
805,Vanilla Bagel: The Roguelike,"['Adventure', 'Indie', 'RPG']"
808,Forsaken Uprising,"['Action', 'Adventure', 'Casual', 'Indie', 'Massively Multiplayer', 'RPG', 'Simulation', 'Strategy']"
808,The Slaughtering Grounds,"['Action', 'Adventure', 'Casual', 'Indie', 'Massively Multiplayer', 'RPG', 'Simulation', 'Strategy']"
808,Deadly Profits,"['Action', 'Adventure', 'Casual', 'Indie', 'RPG', 'Simulation', 'Strategy']"
808,Temper Tantrum,"['Action', 'Adventure', 'Casual', 'Indie', 'Simulation', 'Strategy']"
808,Medieval Mercs,"['Action', 'Adventure', 'Casual', 'Indie', 'RPG', 'Strategy']"
808,Devils Share,"['Action', 'Adventure', 'Casual', 'Indie', 'RPG', 'Simulation', 'Strategy']"
808,Galactic Hitman,"['Action', 'Adventure', 'Casual', 'Indie', 'RPG', 'Simulation', 'Strategy']"
808,Attrition: Nuclear Domination,"['Action', 'Casual', 'Indie', 'Simulation', 'Strategy']"
808,Operation: Global Shield,"['Action', 'Adventure', 'Casual', 'Indie', 'Simulation', 'Strategy']"
808,Paranormal Psychosis,"['Action', 'Adventure', 'Casual', 'Indie', 'RPG', 'Simulation', 'Strategy']"
808,Dungeons Of Kragmor,"['Action', 'Adventure', 'Casual', 'Indie', 'Massively Multiplayer', 'RPG', 'Strategy']"
808,Starship: Nova Strike,"['Action', 'Adventure', 'Casual', 'Indie', 'Simulation', 'Strategy']"
808,Krog Wars,"['Action', 'Casual', 'Indie', 'RPG', 'Simulation', 'Strategy']"
808,Wyatt Derp 2: Peacekeeper,"['Action', 'Adventure', 'Casual', 'Indie', 'RPG', 'Simulation', 'Strategy']"
808,Winged Knights: Penetration,"['Action', 'Adventure', 'Casual', 'Indie', 'Simulation', 'Strategy']"
808,Mini Attack Submarine,"['Action', 'Adventure', 'Casual', 'Indie', 'Simulation', 'Strategy']"
808,Wyatt Derp,"['Action', 'Adventure', 'Casual', 'Indie', 'RPG', 'Simulation', 'Strategy']"
808,Withering Kingdom: Arcane War,"['Action', 'Adventure', 'Casual', 'Indie', 'RPG', 'Simulation', 'Strategy']"
808,Gnarltoof's Revenge,"['Action', 'Adventure', 'Casual', 'Indie', 'RPG', 'Simulation', 'Strategy']"
808,The Decimation of Olarath,"['Action', 'Adventure', 'Casual', 'Indie', 'Simulation', 'Strategy']"
808,Withering Kingdom: Flurry Of Arrows,"['Action', 'Adventure', 'Casual', 'Indie', 'RPG', 'Simulation', 'Strategy']"
809,Unlock All Modes,['Action']
809,S.Nero/Dante/Vergil,['Action']
809,"Proud Souls (200,000)",['Action']
809,Lady & Trish Costumes,['Action']
809,"Red Orbs (300,000)",['Action']
809,Devil May Cry® 4 Special Edition,['Action']
810,Gabe Newell Simulator 2.0,"['Action', 'Adventure', 'Casual', 'Indie', 'Simulation']"
810,Portal Mode,"['Action', 'Adventure', 'Casual', 'Indie', 'Simulation']"
813,Waveform,"['Action', 'Adventure', 'Casual', 'Indie', 'Simulation', 'Strategy']"
813,Out There Somewhere,"['Action', 'Adventure', 'Indie', 'Simulation', 'Strategy']"
813,Revolution Ace,"['Action', 'Adventure', 'Indie', 'RPG', 'Simulation', 'Strategy']"
813,The Hat Man: Shadow Ward,"['Action', 'Adventure', 'Casual', 'Indie', 'RPG', 'Simulation']"
813,PARTICLE MACE,"['Action', 'Adventure', 'Casual', 'Indie', 'Strategy']"
813,The Howler,"['Action', 'Adventure', 'Casual', 'Indie', 'Simulation', 'Sports', 'Strategy']"
813,Morphopolis,"['Action', 'Adventure', 'Casual', 'Indie', 'Simulation', 'Strategy']"
813,Star Saviors,"['Action', 'Adventure', 'Indie', 'RPG', 'Strategy']"
813,Airscape - The Fall of Gravity,"['Action', 'Adventure', 'Indie']"
813,Battle Ranch: Pigs vs Plants,"['Action', 'Adventure', 'Casual', 'Indie', 'Strategy']"
813,DRAGON: A Game About a Dragon,"['Adventure', 'Casual', 'Indie', 'RPG']"
813,Intergalactic Bubbles,"['Action', 'Casual', 'Indie', 'Strategy']"
813,Rolling Sun,"['Action', 'Adventure', 'Indie', 'Simulation', 'Strategy']"
813,Three Heroes,"['Action', 'Indie', 'RPG']"
813,Labyronia RPG,"['Action', 'Adventure', 'Casual', 'Indie', 'RPG', 'Strategy']"
813,Gun Rocket,"['Action', 'Adventure', 'Indie', 'Strategy']"
813,Spaceport Hope,"['Action', 'Adventure', 'Indie']"
813,LocoSoccer,"['Casual', 'Indie', 'Simulation', 'Sports']"
813,Labyronia RPG 2,"['Action', 'Adventure', 'Indie', 'RPG', 'Strategy']"
813,Legend of Mysteria RPG,"['Action', 'Adventure', 'Casual', 'Indie', 'RPG', 'Strategy']"
813,Squirbs,"['Action', 'Adventure', 'Indie', 'Strategy']"
813,The Chosen RPG,"['Adventure', 'Indie', 'RPG']"
813,Sins Of The Demon RPG,"['Adventure', 'Indie', 'RPG']"
813,Storm Of Spears RPG,"['Adventure', 'RPG', 'Strategy']"
823,Serious Sam 3: BFE,"['Action', 'Indie']"
823,Shadow Warrior,"['Action', 'Adventure']"
823,Hard Reset Redux,"['Action', 'Adventure']"
824,STAR-BOX: RPG Adventures in Space,"['Action', 'Adventure', 'Casual', 'Indie', 'RPG', 'Simulation']"
824,STAR-BOX - 'Galaxy Pet Store',"['Action', 'Adventure', 'Casual', 'Indie', 'RPG', 'Simulation']"
824,STAR-BOX: Dark Hack,"['Action', 'Adventure', 'Casual', 'Indie', 'RPG', 'Simulation']"
824,Apocalypse Hotel - The Post-Apocalyptic Hotel Simulator!,"['Casual', 'Indie', 'RPG', 'Simulation']"
824,Apocalypse Hotel: Museum of Horror!,"['Casual', 'Indie', 'RPG', 'Simulation']"
824,24 Hours 'til Rescue,"['Action', 'Adventure', 'Casual', 'Indie', 'RPG']"
824,Apocalypse Hotel: The Thin Blue Line!,"['Casual', 'Indie', 'RPG', 'Simulation']"
824,24 Hours 'til Rescue: Cheat Pack!,"['Action', 'Adventure', 'Casual', 'Indie', 'RPG']"
824,Moonstone Tavern - A Fantasy Tavern Sim!,"['Indie', 'RPG', 'Simulation']"
825,Escape Machines,"['Action', 'Adventure', 'Indie', 'RPG', 'Strategy', 'Early Access']"
825,Tinboy,"['Casual', 'Indie']"
825,Lup,"['Action', 'Indie']"
825,Freebie,"['Casual', 'Indie']"
825,Shape Shifter,"['Casual', 'Indie']"
827,One Way Heroics,"['Indie', 'RPG']"
827,One Way Heroics Plus,"['Indie', 'RPG']"
832,Tokyo School Life,['Adventure']
832,Campus Notes - forget me not.,"['Adventure', 'Indie']"
832,Malus Code,['Adventure']
832,Kyoto Colorful Days,['Adventure']
833,Data Hacker: Initiation,"['Adventure', 'Indie', 'RPG', 'Simulation']"
833,Data Hacker: Corruption,"['Adventure', 'Indie', 'RPG', 'Simulation']"
833,Data Hacker: Reboot,"['Adventure', 'Indie', 'RPG']"
833,Elements: Soul of Fire,"['Indie', 'RPG']"
833,Atonement: Scourge of Time,"['Adventure', 'Indie', 'RPG']"
833,City of Chains,"['Adventure', 'Indie', 'RPG', 'Strategy']"
833,Invasion: Brain Craving,"['Action', 'Adventure', 'Casual', 'Indie', 'RPG', 'Simulation', 'Strategy']"
833,Elements II: Hearts of Light,"['Indie', 'RPG', 'Early Access']"
833,Outrage,"['Adventure', 'Indie', 'RPG']"
833,Insincere,"['Action', 'Indie']"
833,Purgatory,"['Action', 'Adventure', 'Indie', 'RPG', 'Strategy']"
836,Megadimension Neptunia VII,"['RPG', 'Strategy']"
836,Megadimension Neptunia VII Digital Deluxe Set,"['RPG', 'Strategy']"
837,Megadimension Neptunia VII,"['RPG', 'Strategy']"
837,Megadimension Neptunia VII Weapon Pack,"['RPG', 'Strategy']"
837,Megadimension Neptunia VII Trial Weapon Pack,"['RPG', 'Strategy']"
837,Megadimension Neptunia VII Ultimate Weapon Pack,"['RPG', 'Strategy']"
837,Megadimension Neptunia VII Nightwear Pack,"['RPG', 'Strategy']"
837,Megadimension Neptunia VII Swimsuit Pack,"['RPG', 'Strategy']"
837,Megadimension Neptunia VII Equipment Pack,"['RPG', 'Strategy']"
837,Megadimension Neptunia VII Processor Pack,"['RPG', 'Strategy']"
837,Megadimension Neptunia VII Party Character [Umio],"['RPG', 'Strategy']"
837,Megadimension Neptunia VII Party Character [Nepgya],"['RPG', 'Strategy']"
837,Megadimension Neptunia VII Party Character [Million Arthur],"['RPG', 'Strategy']"
837,Megadimension Neptunia VII Party Character [God Eater],"['RPG', 'Strategy']"
837,Megadimension Neptunia VII Party Character [Nitroplus],"['RPG', 'Strategy']"
837,Megadimension Neptunia VII Digital Deluxe Set,"['RPG', 'Strategy']"
839,Inuyasha the Movie: Affections Touching Across Time,['none']
839,Inuyasha the Movie 2: The Castle Beyond the Looking Glass,['none']
839,Inuyasha the Movie 3: Swords of an Honorable Ruler,['none']
839,Inuyasha the Movie 4: Fire on the Mystic Island,['none']
843,QR Champions: Jump Start Tournament,"['Action', 'Casual', 'Indie', 'Racing', 'Sports']"
843,Quantum Rush Champions Original Soundtracks,"['Action', 'Racing', 'Sports']"
843,Quantum Rush Champions,"['Action', 'Casual', 'Indie', 'Racing', 'Simulation', 'Sports']"
844,QR Champions: Jump Start Tournament,"['Action', 'Casual', 'Indie', 'Racing', 'Sports']"
844,Quantum Rush Champions Original Soundtracks,"['Action', 'Racing', 'Sports']"
844,Quantum Rush Champions,"['Action', 'Casual', 'Indie', 'Racing', 'Simulation', 'Sports']"
844,Fermi's Path,"['Action', 'Casual', 'Indie', 'Racing', 'Simulation']"
844,A.I. Invasion,"['Action', 'Indie', 'Simulation', 'Strategy']"
844,A.I. Invasion - Road of Rodan,"['Action', 'Indie', 'Simulation', 'Strategy']"
844,A.I. Space Corps,"['Action', 'Casual', 'Indie', 'Simulation', 'Strategy']"
845,QR Champions: Jump Start Tournament,"['Action', 'Casual', 'Indie', 'Racing', 'Sports']"
845,Quantum Rush Champions Original Soundtracks,"['Action', 'Racing', 'Sports']"
845,Quantum Rush Champions,"['Action', 'Casual', 'Indie', 'Racing', 'Simulation', 'Sports']"
845,Fermi's Path,"['Action', 'Casual', 'Indie', 'Racing', 'Simulation']"
845,A.I. Invasion,"['Action', 'Indie', 'Simulation', 'Strategy']"
845,A.I. Invasion - Road of Rodan,"['Action', 'Indie', 'Simulation', 'Strategy']"
845,A.I. Space Corps,"['Action', 'Casual', 'Indie', 'Simulation', 'Strategy']"
846,A.I. Invasion,"['Action', 'Indie', 'Simulation', 'Strategy']"
846,A.I. Invasion - Road of Rodan,"['Action', 'Indie', 'Simulation', 'Strategy']"
850,Fasaria World Online,"['Adventure', 'Indie', 'Massively Multiplayer', 'RPG', 'Strategy']"
850,Fasaria World Online - ELITE Sponsorship,"['Adventure', 'Indie', 'Massively Multiplayer', 'RPG', 'Strategy']"
850,Fasaria World: Ancients of Moons MMORPG,"['Adventure', 'Indie', 'Massively Multiplayer', 'RPG']"
851,Aselia the Eternal -The Spirit of Eternity Sword-,"['Casual', 'RPG']"
851,Aselia the Eternal Soundtrack,"['Casual', 'RPG']"
852,The Falling Sun,"['Indie', 'Early Access']"
852,Urja,"['Casual', 'Indie', 'Strategy']"
852,Cubicle Quest,"['Indie', 'RPG', 'Simulation']"
852,Space Pilgrim Episode I: Alpha Centauri,"['Adventure', 'Indie']"
852,Rencounter,"['Indie', 'RPG', 'Strategy', 'Early Access']"
852,GooCubelets: OCD,"['Casual', 'Indie']"
852,The Deed: Dynasty,"['Adventure', 'Indie', 'RPG']"
852,Caveman World: Mountains of Unga Boonga,"['Adventure', 'Casual', 'Indie']"
852,Mini Thief,"['Casual', 'Indie', 'Strategy', 'Early Access']"
853,Bulb Boy,"['Adventure', 'Indie']"
853,Bulb Boy - Soundtrack Remastered,"['Adventure', 'Indie']"
854,Nikopol: Secrets of the Immortals,['Adventure']
854,Avencast: Rise of the Mage,"['Action', 'RPG']"
854,Rhiannon: Curse of the Four Branches,"['Adventure', 'Indie']"
854,Hektor,"['Action', 'Adventure', 'Indie']"
854,The Silent Age,"['Adventure', 'Casual', 'Indie']"
855,Schein,"['Action', 'Adventure', 'Indie']"
855,Hektor,"['Action', 'Adventure', 'Indie']"
855,The Silent Age,"['Adventure', 'Casual', 'Indie']"
855,Hektor - Official Soundtrack,"['Action', 'Adventure', 'Indie']"
855,Gunnheim,"['Action', 'Indie']"
859,7 Mages,['RPG']
859,7 Mages Soundtrack,['RPG']
861,Regency Solitaire,['Casual']
861,Spooky Bonus,['Casual']
865,The Assembly,"['Adventure', 'Indie']"
865,The Assembly VR Unlock,"['Adventure', 'Indie']"
868,RWBY: Grimm Eclipse,"['Action', 'Adventure', 'Indie']"
868,RWBY: Volume 1,['none']
868,RWBY: Volume 2,['none']
868,RWBY: Volume 3,['none']
869,Into the Dark: Ultimate Trash Edition,"['Action', 'Adventure', 'Indie']"
869,Father´s Island,['Adventure']
871,Tetradecagon,"['Action', 'Casual', 'Indie']"
871,Tetradecagon - Soundtrack,['none']
872,System Crash,['Strategy']
872,System Crash - Deluxe Content,['Strategy']
876,The Spatials: Galactology,"['Indie', 'Simulation', 'Strategy', 'Early Access']"
876,The Spatials: Galactology - Soundtrack,"['Indie', 'Simulation']"
876,The Spatials,"['Indie', 'RPG', 'Simulation']"
877,Space Pilgrim Episode I: Alpha Centauri,"['Adventure', 'Indie']"
877,Space Pilgrim Episode II: Epsilon Indi,"['Adventure', 'Indie']"
877,Space Pilgrim Episode III: Delta Pavonis,"['Adventure', 'Indie']"
877,Space Pilgrim Episode IV: Sol,"['Adventure', 'Indie']"
879,Furi,['Action']
879,Furi Original Soundtrack,"['Action', 'Indie']"
884,Anarcute,"['Action', 'Indie']"
884,Anarcute - Official Soundtrack,"['Action', 'Indie']"
893,City of Fools,"['Adventure', 'Casual', 'Indie']"
893,Green Moon,"['Adventure', 'Casual', 'Indie']"
896,RWBY: Volume 1,['none']
896,RWBY: Volume 2,['none']
896,RWBY: Volume 3,['none']
897,Leviathan: The Last Day of the Decade,"['Adventure', 'Indie']"
897,Leviathan: the Cargo — Ongoing series,"['Action', 'Adventure', 'Indie', 'Early Access']"
897,Leviathan: The Last Day of the Decade - Soundtrack,"['Adventure', 'Indie']"
897,Leviathan: the Cargo Soundtrack,"['Action', 'Adventure', 'Indie']"
903,Valley,"['Action', 'Adventure', 'Indie']"
903,Valley - Soundtrack,"['Action', 'Adventure', 'Indie']"
913,Mind Spheres,"['Casual', 'Indie', 'Sports']"
913,Mind Spheres (Soundtrack),"['Casual', 'Indie', 'Sports']"
914,Small World 2 - Cursed!,"['Casual', 'Indie', 'Strategy']"
914,Small World 2 - Grand Dames,"['Casual', 'Indie', 'Strategy']"
914,Small World 2 - Be not Afraid...,"['Casual', 'Indie', 'Strategy']"
914,Small World 2,"['Casual', 'Indie', 'Strategy']"
916,SONAR Steam Edition,['Audio Production']
916,SONAR Platinum - Lifetime Pass,['Audio Production']
917,SONAR Platinum,['Audio Production']
917,SONAR Platinum - Lifetime Pass,['Audio Production']
920,Shadow Ninja: Apocalypse,"['Action', 'Adventure', 'Casual', 'Indie', 'Strategy']"
920,Shadow Ninja: Endless Runner,"['Action', 'Adventure', 'Casual', 'Indie', 'Strategy']"
923,The Black Watchmen,"['Indie', 'Massively Multiplayer', 'RPG']"
923,The Black Watchmen - Original Soundtrack,"['Adventure', 'Casual', 'Indie', 'Massively Multiplayer', 'Strategy']"
923,The Black Watchmen - Season 2: Enduring Conflict,"['Indie', 'Massively Multiplayer', 'RPG']"
923,The Black Watchmen - Mother Russia,"['Indie', 'Massively Multiplayer', 'RPG']"
925,Leviathan: the Cargo — Ongoing series,"['Action', 'Adventure', 'Indie', 'Early Access']"
925,Leviathan: the Cargo Soundtrack,"['Action', 'Adventure', 'Indie']"
926,Leviathan: The Last Day of the Decade,"['Adventure', 'Indie']"
926,Leviathan: The Last Day of the Decade - Soundtrack,"['Adventure', 'Indie']"
929,The Black Watchmen,"['Indie', 'Massively Multiplayer', 'RPG']"
929,The Black Watchmen - Original Soundtrack,"['Adventure', 'Casual', 'Indie', 'Massively Multiplayer', 'Strategy']"
929,The Black Watchmen - Season 2: Enduring Conflict,"['Indie', 'Massively Multiplayer', 'RPG']"
929,The Black Watchmen - Mother Russia,"['Indie', 'Massively Multiplayer', 'RPG']"
929,Ahnayro: The Dream World,"['Adventure', 'Casual', 'Indie', 'Strategy', 'Early Access']"
934,The Black Watchmen,"['Indie', 'Massively Multiplayer', 'RPG']"
934,Ahnayro: The Dream World,"['Adventure', 'Casual', 'Indie', 'Strategy', 'Early Access']"
936,The Promised Land,"['Adventure', 'Casual', 'Strategy']"
936,Ballad of Solar,"['Adventure', 'Casual', 'Strategy']"
936,The Happy Hereafter,"['Casual', 'Strategy']"
936,Rescue Team,"['Casual', 'Simulation', 'Strategy']"
936,MOAI: Build Your Dream,"['Casual', 'Simulation', 'Strategy']"
941,Rising Islands,"['Adventure', 'Indie']"
941,Rising Islands - Soundtrack,"['Adventure', 'Indie']"
941,Rising Islands - Art Book,"['Adventure', 'Indie']"
944,Albert and Otto,['Indie']
944,Bulb Boy,"['Adventure', 'Indie']"
944,Toby: The Secret Mine,"['Adventure', 'Indie']"
946,Quadrilateral Cowboy,"['Action', 'Adventure', 'Indie']"
946,Quadrilateral Cowboy Art Book,['none']
948,Midsummer Night,"['Adventure', 'Casual']"
948,Electric Highways - OST,"['Adventure', 'Free to Play', 'Indie']"
948,AuroraRL,"['Action', 'Adventure', 'Indie', 'RPG', 'Strategy', 'Early Access']"
948,Cubium Dreams,"['Action', 'Adventure', 'Indie']"
948,Iron Impact,"['Action', 'Casual', 'Simulation', 'Strategy']"
948,Tank Blast,"['Action', 'Casual', 'Indie', 'Early Access']"
948,AuroraRL - OST,"['Action', 'Adventure', 'Indie', 'RPG', 'Strategy']"
948,Midsummer Night - OST,"['Adventure', 'Casual']"
949,Red Lake,"['Action', 'Adventure', 'Indie']"
949,Sixtieth Kilometer,"['Adventure', 'Casual', 'Indie']"
949,Rise of the Ancients,"['Indie', 'Strategy']"
951,Command & Conquer: Red Alert 3,['Strategy']
951,Command & Conquer: Red Alert 3 - Uprising,['Strategy']
951,Command & Conquer 3: Tiberium Wars,['Strategy']
951,Command & Conquer 3: Kane's Wrath,['Strategy']
951,Command & Conquer 4: Tiberian Twilight,['Strategy']
953,AuroraRL,"['Action', 'Adventure', 'Indie', 'RPG', 'Strategy', 'Early Access']"
953,AuroraRL - OST,"['Action', 'Adventure', 'Indie', 'RPG', 'Strategy']"
954,Russian Horror Story,"['Adventure', 'Casual']"
954,Stigmat,"['Adventure', 'Indie']"
954,The Pit And The Pendulum,"['Adventure', 'Casual', 'Indie']"
955,Invasion,"['Action', 'Indie']"
955,Stigmat,"['Adventure', 'Indie']"
955,Abandoned Knight,"['Action', 'Adventure', 'Casual']"
955,Under Zero,"['Action', 'Adventure', 'Indie', 'Early Access']"
955,Experience,"['Action', 'Casual', 'Indie']"
955,PixBit,"['Action', 'Indie']"
955,Physic Monster,"['Casual', 'Indie', 'Simulation', 'Strategy', 'Early Access']"
955,Alien Run,"['Action', 'Adventure', 'Casual']"
955,Inverted,"['Action', 'Adventure', 'Casual', 'Indie']"
956,Spakoyno: Back to the USSR 2.0,"['Adventure', 'Casual']"
956,Invasion,"['Action', 'Indie']"
956,Stigmat,"['Adventure', 'Indie']"
956,Abandoned Knight,"['Action', 'Adventure', 'Casual']"
956,Under Zero,"['Action', 'Adventure', 'Indie', 'Early Access']"
956,Spakoyno: Back To USSR 2.0 - OST,"['Adventure', 'Casual']"
956,Experience,"['Action', 'Casual', 'Indie']"
956,The Pit And The Pendulum,"['Adventure', 'Casual', 'Indie']"
956,PixBit,"['Action', 'Indie']"
956,Alien Run,"['Action', 'Adventure', 'Casual']"
956,Darconika: The Cube of Soul,"['Adventure', 'Casual', 'Indie']"
957,Psychonauts,['Action']
957,Costume Quest,"['Adventure', 'Casual', 'RPG']"
957,Stacking,"['Adventure', 'Indie']"
957,Psychonauts Original Score,['Action']
957,Psychonauts Original Soundtrack,['Action']
957,Iron Brigade,"['Action', 'Strategy']"
957,Brutal Legend Soundtrack,"['Action', 'Adventure', 'Strategy']"
957,Brutal Legend,"['Action', 'Adventure', 'Strategy']"
957,Broken Age,"['Adventure', 'Casual', 'Indie']"
957,Grim Fandango Remastered,['Adventure']
957,MASSIVE CHALICE,"['Indie', 'Strategy']"
957,MASSIVE CHALICE Soundtrack,['Strategy']
957,Hack 'n' Slash,"['Adventure', 'Casual', 'Indie']"
957,Spacebase DF-9,"['Indie', 'Simulation', 'Strategy']"
957,Broken Age - Soundtrack,"['Adventure', 'Casual', 'Indie']"
957,Grim Fandango Remastered - Soundtrack,['Adventure']
957,Day of the Tentacle Remastered,['Adventure']
961,Timberman,"['Action', 'Casual', 'Indie']"
961,Surfingers,"['Action', 'Casual', 'Indie']"
961,Risky Rescue,"['Action', 'Casual', 'Indie']"
961,Fly O'Clock,"['Action', 'Casual', 'Indie']"
962,I am Setsuna,['RPG']
962,I am Setsuna Official Soundtrack Collection: Winter's End,['RPG']
963,Twin Sector,"['Action', 'Adventure']"
963,Booster Trooper,"['Action', 'Indie']"
963,Dead Horde,"['Action', 'Indie']"
963,Primal Fears,"['Action', 'Indie']"
972,Crush Your Enemies,"['Action', 'Indie', 'Strategy']"
972,Crush Your Enemies - Plundered Loot DLC,"['Action', 'Indie', 'Strategy']"
974,"The Secret Monster Society - Chapter 1:  Monsters, Fires and Forbidden Forests","['Adventure', 'Casual', 'Indie']"
974,The Secret Monster Society Soundtrack,"['Adventure', 'Casual', 'Indie']"
977,Puzzle Box,"['Action', 'Adventure', 'Casual', 'Indie', 'Strategy']"
977,Puzzle Box - Level Pack DLC #1,"['Action', 'Adventure', 'Casual', 'Indie', 'Strategy']"
982,InsanZ - Retro Survival Horror,"['Action', 'Indie']"
982,Night light,"['Action', 'Adventure', 'Casual', 'Indie']"
983,Bastion,"['Action', 'Indie', 'RPG']"
983,Bastion: Original Soundtrack,"['Action', 'Indie']"
983,Transistor,"['Action', 'Indie', 'RPG']"
983,Transistor: Original Soundtrack,"['Action', 'Indie', 'RPG']"
984,Epic Manager - Create Your Own Adventuring Agency!,"['Adventure', 'Indie', 'RPG', 'Simulation', 'Strategy', 'Early Access']"
984,Epic Manager - Epic Original Soundtrack,"['Adventure', 'Indie', 'RPG', 'Simulation', 'Strategy']"
990,Evil Maze,"['Action', 'Adventure', 'Indie', 'RPG', 'Strategy']"
990,Evil Maze Game Gallery DLC,"['Action', 'Adventure', 'Indie', 'RPG', 'Strategy']"
995,8DAYS,"['Action', 'Indie']"
995,8DAYS OST,"['Action', 'Indie']"
1002,The Turing Test,['Adventure']
1002,The Turing Test - Upgrade Pack,['Adventure']
1003,PCMark 8,['Utilities']
1003,3DMark,['Utilities']
1005,Moon Colonization Project,"['Adventure', 'Casual', 'Indie', 'Simulation', 'Strategy', 'Early Access']"
1005,Moon Colonization Project | Soundtrack,['Indie']
1007,Gabe Newell Simulator 2.0,"['Action', 'Adventure', 'Casual', 'Indie', 'Simulation']"
1007,Search & Kill ☠,"['Action', 'Indie', 'Early Access']"
1008,Gabe Newell Simulator 2.0,"['Action', 'Adventure', 'Casual', 'Indie', 'Simulation']"
1008,Portal Mode,"['Action', 'Adventure', 'Casual', 'Indie', 'Simulation']"
1008,Search & Kill ☠,"['Action', 'Indie', 'Early Access']"
1009,Need for Speed Undercover,"['Action', 'Racing']"
1009,Burnout Paradise: The Ultimate Box,['Racing']
1009,Need for Speed: Shift,['Racing']
1009,Need For Speed: Hot Pursuit,['Racing']
1009,Shift 2 Unleashed,['Racing']
1011,Dinosaur Hunt,"['Action', 'Adventure', 'Indie', 'Simulation']"
1011,Survival Zombies The Inverted Evolution,"['Action', 'Adventure', 'Indie', 'Simulation', 'Early Access']"
1011,Dinosaur Hunt - Brontosaurus Expansion Pack,"['Action', 'Adventure', 'Indie', 'Simulation']"
1011,Dinosaur Hunt - WW2 War Expansion Pack,"['Action', 'Adventure', 'Indie', 'Simulation']"
1011,"Dinosaur Hunt - Vampires, Gargoyles, Mutants Hunter Expansion Pack","['Action', 'Adventure', 'Indie', 'Simulation']"
1011,Dinosaur Hunt - Guns Expansion Pack,"['Action', 'Adventure', 'Indie', 'Simulation']"
1011,Dinosaur Hunt - Wild West Guns Expansion Pack,"['Action', 'Adventure', 'Indie', 'Simulation']"
1011,Dinosaur Hunt - Stegosaurus Expansion Pack,"['Action', 'Adventure', 'Indie', 'Simulation']"
1011,Dinosaur Hunt - Dragon Hunter Expansion Pack,"['Action', 'Adventure', 'Indie', 'Simulation']"
1011,Dinosaur Hunt - Carnotaurus Expansion Pack,"['Action', 'Adventure', 'Indie', 'Simulation']"
1011,Dinosaur Hunt - Giant Spiders Hunter Expansion Pack,"['Action', 'Adventure', 'Indie', 'Simulation']"
1011,Dinosaur Hunt - Medieval Knights Hunter Expansion Pack,"['Action', 'Adventure', 'Indie', 'Simulation']"
1013,Press X to Not Die,"['Action', 'Indie', 'Early Access']"
1013,Press X to Not Die - Special Edition Content,"['Action', 'Indie']"
1017,TankZone Battle,"['Action', 'Indie']"
1017,Underground Keeper,"['Casual', 'Indie']"
1021,Escape Machines,"['Action', 'Adventure', 'Indie', 'RPG', 'Strategy', 'Early Access']"
1021,Star Chronicles: Delta Quadrant,"['Indie', 'Strategy']"
1021,Stellar 2D,"['Action', 'Casual', 'Indie']"
1021,Ampersand,"['Indie', 'Racing']"
1021,Super Space Pug,"['Action', 'Casual', 'Indie']"
1021,Star Drifter,"['Action', 'Casual', 'Indie']"
1021,Deep Space Dash,"['Action', 'Indie']"
1024,Ace Of Words,"['Casual', 'Indie']"
1024,Slide Ride Arcade,"['Casual', 'Indie', 'Early Access']"
1028,Dino Run DX,"['Action', 'Indie', 'Racing']"
1028,Potatoman Seeks the Troof,['Indie']
1028,Potatoman Seeks The Troof OST,['Indie']
1028,Glorkian Warrior: The Trials Of Glork,['Indie']
1028,Glorkian Warrior OST,['Indie']
1028,Last Horizon,"['Action', 'Indie']"
1028,Last Horizon OST,"['Action', 'Indie']"
1028,Gamma Bros 1.5,"['Action', 'Indie', 'Early Access']"
1028,Dino Run DX OST,"['Action', 'Indie', 'Racing']"
1029,The Last Photon,"['Casual', 'Indie']"
1029,The First Spark,"['Casual', 'Indie']"
1033,Extravaganza Rising,"['Adventure', 'Indie', 'RPG', 'Strategy']"
1033,Monsterville Handbook,"['Adventure', 'Indie', 'RPG', 'Strategy']"
1034,"It came from space, and ate our brains","['Action', 'Adventure', 'Casual', 'Indie']"
1034,Reign of Bullets,"['Action', 'Indie']"
1034,Cross of the Dutchman,"['Action', 'Adventure', 'Indie']"
1040,Bibou,"['Action', 'Adventure', 'Casual', 'Indie']"
1040,Kabitis,"['Action', 'Adventure', 'Casual', 'Indie']"
1040,Go Mission: Space Travel,"['Action', 'Adventure', 'Casual', 'Indie', 'Strategy']"
1041,DreamBreak,"['Action', 'Adventure', 'Indie']"
1041,DreamBreak - Soviet Bloc Edition Content,"['Action', 'Adventure', 'Indie']"
1046,Ashes of the Singularity - Soundtrack DLC,"['Indie', 'Simulation', 'Strategy']"
1046,Ashes of the Singularity - Overlord Scenario Pack DLC,"['Indie', 'Simulation', 'Strategy']"
1046,Ashes of the Singularity,"['Indie', 'Simulation', 'Strategy']"
1046,Ashes of the Singularity - Gauntlet DLC,"['Indie', 'Simulation', 'Strategy']"
1046,Ashes of the Singularity - Turtle Wars DLC,"['Indie', 'Simulation', 'Strategy']"
1046,Ashes of the Singularity - Epic Map Pack DLC,"['Indie', 'Simulation', 'Strategy']"
1046,Ashes of the Singularity - Oblivion DLC,"['Indie', 'Simulation', 'Strategy']"
1047,Sins of a Solar Empire®: Trinity,['Strategy']
1047,Sins of a Solar Empire®: Rebellion,"['Indie', 'Strategy']"
1047,Sins of a Solar Empire®: Rebellion - Original Soundtrack,['Strategy']
1047,Sins of a Solar Empire®: Rebellion - Forbidden Worlds™ DLC,['Strategy']
1047,Sins of a Solar Empire®: Rebellion - Stellar Phenomena®,['Strategy']
1047,Sins of a Solar Empire: Rebellion® - Outlaw Sectors™ DLC,"['Indie', 'Strategy']"
1052,Dyna Bomb,"['Action', 'Adventure', 'Casual', 'Indie']"
1052,Ghost Sweeper,"['Action', 'Adventure', 'Casual', 'Indie']"
1053,1917 - The Alien Invasion,"['Action', 'Adventure', 'Casual', 'Indie', 'Strategy']"
1053,Rescue Lucy,"['Adventure', 'Casual', 'Indie']"
1053,Impossible Quest,"['Adventure', 'Casual', 'Indie']"
1053,Totally Unbalanced,"['Action', 'Adventure', 'Casual', 'Indie', 'Racing']"
1053,Crystal Cosmos,"['Action', 'Adventure', 'Casual', 'Indie']"
1053,Ghost Sweeper,"['Action', 'Adventure', 'Casual', 'Indie']"
1054,Infinity Wings - Scout & Grunt,"['Action', 'Casual', 'Indie']"
1054,1917 - The Alien Invasion,"['Action', 'Adventure', 'Casual', 'Indie', 'Strategy']"
1054,Go Mission: Space Travel,"['Action', 'Adventure', 'Casual', 'Indie', 'Strategy']"
1054,Crystal Cosmos,"['Action', 'Adventure', 'Casual', 'Indie']"
1055,Puzzle Box,"['Action', 'Adventure', 'Casual', 'Indie', 'Strategy']"
1055,Dyna Bomb,"['Action', 'Adventure', 'Casual', 'Indie']"
1055,1917 - The Alien Invasion,"['Action', 'Adventure', 'Casual', 'Indie', 'Strategy']"
1055,Impossible Quest,"['Adventure', 'Casual', 'Indie']"
1056,Genius Greedy Mouse,"['Action', 'Adventure', 'Casual', 'Indie', 'Strategy']"
1056,Go Mission: Space Travel,"['Action', 'Adventure', 'Casual', 'Indie', 'Strategy']"
1056,Crystal Cosmos,"['Action', 'Adventure', 'Casual', 'Indie']"
1056,Ghost Sweeper,"['Action', 'Adventure', 'Casual', 'Indie']"
1068,The Girl and the Robot,"['Action', 'Adventure', 'Indie', 'RPG']"
1068,The Girl and the Robot - Music and Digital Art Book,"['Action', 'Adventure', 'Indie', 'RPG']"
1071,Tom Clancy's The Division™ -  Marine Forces Outfits Pack,"['Action', 'Adventure', 'RPG']"
1071,Tom Clancy's  The Division™ -  Military Specialists Outfits Pack,"['Action', 'Adventure', 'RPG']"
1071,Tom Clancy's The Division™ - Sports Fan Outfit Pack,"['Action', 'Adventure', 'RPG']"
1071,Tom Clancy's The Division™ - Upper East Side Outfit Pack,"['Action', 'Adventure', 'RPG']"
1084,Near Death,"['Action', 'Adventure', 'Indie']"
1084,Near Death - Original Score,"['Action', 'Adventure', 'Indie']"
1085,Black Closet,"['Indie', 'RPG', 'Simulation', 'Strategy']"
1085,A Little Lily Princess,"['Indie', 'Simulation']"
1100,Insurgency,"['Action', 'Indie', 'Strategy']"
1100,Day of Infamy,"['Action', 'Indie', 'Strategy', 'Early Access']"
1102,Kindred Spirits on the Roof Drama CD Vol.1,['none']
1102,Kindred Spirits on the Roof Drama CD Vol.2,['none']
1102,Kindred Spirits on the Roof Drama CD Vol.3,['none']
1102,Kindred Spirits on the Roof Drama CD Vol.4,['none']
1103,Kindred Spirits on the Roof,['Adventure']
1103,Kindred Spirits on the Roof Drama CD Vol.1,['none']
1103,Kindred Spirits on the Roof Drama CD Vol.2,['none']
1103,Kindred Spirits on the Roof Drama CD Vol.3,['none']
1103,Kindred Spirits on the Roof Drama CD Vol.4,['none']
1104,Dungeon Escape,"['Action', 'Adventure', 'Indie']"
1104,Dungeon Escape - Soundtrack,"['Action', 'Adventure', 'Indie']"
1105,Royal Defense,"['Casual', 'Indie', 'Strategy']"
1105,Royal Defense - Invisible Threat,"['Casual', 'Indie', 'Strategy']"
1107,Hidden Object Bundle 5 in 1,"['Adventure', 'Casual']"
1107,Hidden Object Bundle 4 in 1,['Casual']
1107,Mountain Crime: Requital,"['Adventure', 'Casual']"
1107,Hidden Object 6-in-1 bundle,['Casual']
1107,House of Snark 6-in-1 Bundle,"['Adventure', 'Casual']"
1110,Impossible Quest,"['Adventure', 'Casual', 'Indie']"
1110,Neon Warp,"['Action', 'Casual', 'Indie']"
1114,Okhlos,"['Action', 'Indie', 'Strategy']"
1114,Okhlos - Soundtrack,"['Action', 'Indie', 'Strategy']"
1114,Okhlos - Encyclopedia,"['Action', 'Indie', 'Strategy']"
1114,Okhlos - Prototypes,"['Action', 'Indie', 'Strategy']"
1115,Sekwere,"['Action', 'Casual', 'Indie']"
1115,Sekwere Soundtrack,"['Action', 'Casual', 'Indie']"
1116,Kabitis,"['Action', 'Adventure', 'Casual', 'Indie']"
1116,Genius Greedy Mouse,"['Action', 'Adventure', 'Casual', 'Indie', 'Strategy']"
1116,Totally Unbalanced,"['Action', 'Adventure', 'Casual', 'Indie', 'Racing']"
1116,Ghost Sweeper,"['Action', 'Adventure', 'Casual', 'Indie']"
1121,Pristine world,"['Action', 'Casual', 'Indie', 'Strategy']"
1121,Pristine world - Original Soundtrack,"['Casual', 'Indie', 'Strategy']"
1128,Airport Madness: World Edition,['Adventure']
1128,Airport Madness 4,['Adventure']
1128,Airport Madness: Time Machine,['Adventure']
1128,Airport Madness 3D,['Adventure']
1130,Princess.Loot.Pixel.Again,"['Action', 'Adventure', 'Indie', 'RPG']"
1130,Princess.Loot.Pixel.Again Soundtrack,"['Action', 'Adventure', 'Indie', 'RPG']"
1131,"Bye-Bye, Wacky Planet","['Action', 'Adventure', 'Indie', 'Early Access']"
1131,"Bye-Bye, Wacky Planet - Soundtrack","['Action', 'Adventure', 'Casual', 'Indie']"
1132,Princess.Loot.Pixel.Again,"['Action', 'Adventure', 'Indie', 'RPG']"
1132,Princess.Loot.Pixel.Again Soundtrack,"['Action', 'Adventure', 'Indie', 'RPG']"
1132,"Bye-Bye, Wacky Planet","['Action', 'Adventure', 'Indie', 'Early Access']"
1132,"Bye-Bye, Wacky Planet - Soundtrack","['Action', 'Adventure', 'Casual', 'Indie']"
1137,New Retro Arcade: Neon,"['Action', 'Adventure', 'Casual', 'Indie', 'Racing', 'Simulation', 'Sports']"
1137,New Retro Arcade: Neon - Official Soundtrack,"['Action', 'Adventure', 'Casual', 'Racing', 'Simulation', 'Sports']"
1138,Portal of Evil: Stolen Runes Collector's Edition,"['Adventure', 'Casual']"
1138,Chronicles of the Witches and Warlocks,"['Adventure', 'Casual']"
1138,Contract With The Devil,"['Adventure', 'Casual']"
1140,Check vs Mate,"['Action', 'Casual', 'Strategy']"
1140,Check vs. Mate - Dark Desert DLC,"['Action', 'Casual', 'Strategy']"
1140,Check vs. Mate - Floating Island DLC,"['Action', 'Casual', 'Strategy']"
1141,Battle vs. Chess - Dark Desert DLC,['none']
1141,Battle vs Chess - Floating Island DLC,['none']
1143,Depth Hunter 2: Deep Dive,"['Action', 'Adventure', 'Casual', 'Indie', 'Simulation', 'Sports']"
1143,Depth Hunter 2: Ocean Mysteries,"['Action', 'Indie', 'Simulation', 'Sports']"
1143,Depth Hunter 2: Scuba Kids - Hidden Treasures,"['Action', 'Casual', 'Indie']"
1143,Depth Hunter 2: Treasure Hunter,"['Action', 'Adventure', 'Casual', 'Indie', 'Simulation', 'Sports']"
1144,Dead Rising® 2,"['Action', 'Adventure']"
1144,Dead Rising 2: Off the Record BBQ Chef Skills Pack,['Action']
1144,Dead Rising 2: Off the Record COSPLAY Skills Pack,['Action']
1144,Dead Rising 2: Off the Record Cyborg Skills Pack,['Action']
1144,Dead Rising 2: Off the Record Firefighter Skills Pack,['Action']
1144,Dead Rising 3 Apocalypse Edition,['Action']
1144,Dead Rising 2: Off the Record,"['Action', 'Adventure']"
1144,Dead Rising 2 - Ninja Skills Pack,"['Action', 'Adventure']"
1144,Dead Rising 2 - Psychopath Skills Pack,"['Action', 'Adventure']"
1144,Dead Rising 2 - Soldier of Fortune Pack,"['Action', 'Adventure']"
1144,Dead Rising 2 - Sports Fan Skills Pack,"['Action', 'Adventure']"
1144,DEAD RISING®,"['Action', 'Adventure']"
1146,8-Bit Armies,"['Indie', 'Simulation', 'Strategy']"
1146,8-Bit Armies - Soundtrack,"['Simulation', 'Strategy']"
1146,8-Bit Armies - Guardians Campaign,"['Indie', 'Simulation', 'Strategy']"
1146,8-Bit Hordes,"['Indie', 'Simulation', 'Strategy']"
1146,8-Bit Hordes - Soundtrack,"['Indie', 'Simulation', 'Strategy']"
1147,8-Bit Hordes,"['Indie', 'Simulation', 'Strategy']"
1147,8-Bit Hordes - Soundtrack,"['Indie', 'Simulation', 'Strategy']"
1150,Blade Ballet,"['Action', 'Casual', 'Indie']"
1150,Blade Ballet Soundtrack,"['Action', 'Casual', 'Indie']"
1151,Run Rabbit Run,"['Action', 'Adventure', 'Indie', 'Simulation']"
1151,Run Rabbit Run - Soundtrack,"['Action', 'Adventure', 'Indie', 'Simulation']"
1153,Pid,"['Adventure', 'Indie']"
1153,Pan-Pan,"['Adventure', 'Indie']"
1153,Pan-Pan Soundtrack,"['Adventure', 'Indie']"
1153,Pan-Pan Manual,"['Adventure', 'Indie']"
1156,F1 2016,"['Racing', 'Simulation', 'Sports']"
1156,Steam Controller,['none']
1158,DOOM,['Action']
1158,Steam Controller,['none']
1161,Super Killer Hornet: Resurrection,['Indie']
1161,Pressured,['Indie']
1161,Horizon Shift,"['Action', 'Indie']"
1161,Pester,['Indie']
1161,Hyper Bounce Blast,"['Action', 'Indie']"
1182,Doorways: Prelude,"['Action', 'Adventure', 'Indie']"
1182,Doorways: The Underworld,"['Action', 'Adventure', 'Indie']"
1182,Doorways: Holy Mountains of Flesh,"['Action', 'Adventure', 'Indie']"
1183,The Quivering,['Adventure']
1183,Spud!,['Adventure']
1183,Casino Inc.,"['Simulation', 'Strategy']"
1183,Fragile Allegiance,['Strategy']
1183,Hogs of War,"['Action', 'Strategy']"
1188,DmC: Devil May Cry,"['Action', 'Adventure']"
1188,DmC Devil May Cry: Costume Pack,['Action']
1188,DmC Devil May Cry: Weapon Bundle,['Action']
1188,DmC Devil May Cry: Vergil's Downfall,['Action']
1188,Unlock All Modes,['Action']
1188,S.Nero/Dante/Vergil,['Action']
1188,"Proud Souls (200,000)",['Action']
1188,Lady & Trish Costumes,['Action']
1188,"Red Orbs (300,000)",['Action']
1188,Devil May Cry® 4 Special Edition,['Action']
1189,Handsome Mr. Frog,"['Action', 'Indie']"
1189,Handsome Mr. Frog OST,"['Action', 'Indie']"
1190,Flock!,"['Casual', 'Strategy']"
1190,Dead Rising® 2,"['Action', 'Adventure']"
1190,Dead Rising 2: Off the Record BBQ Chef Skills Pack,['Action']
1190,Dead Rising 2: Off the Record COSPLAY Skills Pack,['Action']
1190,Dead Rising 2: Off the Record Cyborg Skills Pack,['Action']
1190,Dead Rising 2: Off the Record Firefighter Skills Pack,['Action']
1190,DmC: Devil May Cry,"['Action', 'Adventure']"
1190,DmC Devil May Cry: Costume Pack,['Action']
1190,Resident Evil 6 / Biohazard 6,"['Action', 'Adventure']"
1190,DmC Devil May Cry: Weapon Bundle,['Action']
1190,DmC Devil May Cry: Vergil's Downfall,['Action']
1190,RE6 / BH6: Onslaught Mode,"['Action', 'Adventure']"
1190,RE6 / BH6: Predator Mode,"['Action', 'Adventure']"
1190,RE6 / BH6: Survivors Mode,"['Action', 'Adventure']"
1190,RE6 / BH6: Siege Mode,"['Action', 'Adventure']"
1190,LOST PLANET® 3,['Action']
1190,LOST PLANET® 3 - Assault Pack,['Action']
1190,LOST PLANET® 3 - Punisher Pack,['Action']
1190,LOST PLANET® 3 - Freedom Fighter Pack,['Action']
1190,LOST PLANET® 3 - Survival Pack,['Action']
1190,LOST PLANET® 3 - Map Pack 2,['Action']
1190,LOST PLANET® 3 - Map Pack 1,['Action']
1190,LOST PLANET® 3 - Map Pack 3,['Action']
1190,STRIDER™ / ストライダー飛竜®,"['Action', 'Adventure']"
1190,Dead Rising 2: Off the Record,"['Action', 'Adventure']"
1190,Dead Rising 2 - Ninja Skills Pack,"['Action', 'Adventure']"
1190,Dead Rising 2 - Psychopath Skills Pack,"['Action', 'Adventure']"
1190,Dead Rising 2 - Soldier of Fortune Pack,"['Action', 'Adventure']"
1190,Dead Rising 2 - Sports Fan Skills Pack,"['Action', 'Adventure']"
1190,Resident Evil 0 Costume Pack 1,"['Action', 'Adventure']"
1190,Resident Evil 0 Costume Pack 2,"['Action', 'Adventure']"
1190,Resident Evil 0 Costume Pack 3,"['Action', 'Adventure']"
1190,Resident Evil 0 Costume Pack 4,"['Action', 'Adventure']"
1190,Resident Evil 0 / biohazard 0 HD REMASTER,"['Action', 'Adventure']"
1190,Upgrade Pack/エージェントゴーストパック,['Action']
1190,Fashion Victim Pack/ユニークカラーセット,['Action']
1190,Umbrella Corps™/Biohazard Umbrella Corps™,['Action']
1191,Heart&Slash,"['Action', 'Adventure', 'Indie']"
1191,Heart&Slash Soundtrack,"['Action', 'Adventure', 'Indie']"
1194,Sky To Fly: Faster Than Wind,"['Action', 'Adventure', 'Indie', 'Racing', 'Simulation', 'Sports']"
1194,Sky to Fly: Soulless Leviathan,"['Action', 'Adventure', 'Indie', 'Racing', 'Simulation', 'Sports']"
1196,Blasting Agent: Ultimate Edition,"['Action', 'Adventure', 'Indie']"
1196,Blasting Agent: Ultimate Edition OST,"['Action', 'Adventure', 'Indie']"
1204,Sky To Fly: Faster Than Wind,"['Action', 'Adventure', 'Indie', 'Racing', 'Simulation', 'Sports']"
1204,Run Rabbit Run,"['Action', 'Adventure', 'Indie', 'Simulation']"
1204,Run Rabbit Run - Soundtrack,"['Action', 'Adventure', 'Indie', 'Simulation']"
1204,Sky to Fly: Soulless Leviathan,"['Action', 'Adventure', 'Indie', 'Racing', 'Simulation', 'Sports']"
1206,Hamilton's Great Adventure,"['Adventure', 'Casual', 'Indie']"
1206,Hamilton's Great Adventure: Retro Fever,"['Adventure', 'Indie', 'Casual']"
1206,Krater - Collector's Edition,"['Action', 'Adventure', 'Indie', 'RPG', 'Strategy']"
1206,Krater - Character DLC Mayhem MK13 ,"['Action', 'Adventure', 'Strategy', 'RPG', 'Indie']"
1206,Warhammer: End Times - Vermintide,"['Action', 'Indie']"
1206,Bloodsports.TV,"['Action', 'Indie', 'Strategy']"
1206,Lead and Gold: Gangs of the Wild West,['Action']
1206,Warhammer: End Times - Vermintide Collector's Edition,['Action']
1206,Warhammer: End Times - Vermintide Schluesselschloss,"['Action', 'Indie']"
1206,Warhammer: End Times - Vermintide Drachenfels,"['Action', 'Indie']"
1207,Sky To Fly: Faster Than Wind,"['Action', 'Adventure', 'Indie', 'Racing', 'Simulation', 'Sports']"
1207,Run Rabbit Run,"['Action', 'Adventure', 'Indie', 'Simulation']"
1207,Sky to Fly: Soulless Leviathan,"['Action', 'Adventure', 'Indie', 'Racing', 'Simulation', 'Sports']"
1208,Dark Parables: The Little Mermaid and the Purple Tide Collector's Edition,"['Adventure', 'Casual']"
1208,Dark Parables: The Final Cinderella Collector's Edition,"['Adventure', 'Casual']"
1208,Dark Parables: The Swan Princess and The Dire Tree Collector's Edition,"['Adventure', 'Casual']"
1208,Dark Parables: The Exiled Prince Collector's Edition,"['Adventure', 'Casual']"
1208,Dark Parables: Rise of the Snow Queen Collector's Edition,"['Adventure', 'Casual']"
1208,Dark Parables: The Red Riding Hood Sisters Collector's Edition,"['Adventure', 'Casual']"
1208,Dark Parables: Curse of Briar Rose Collector's Edition,"['Adventure', 'Casual']"
1209,Road to Ballhalla,"['Action', 'Adventure', 'Indie', 'Racing']"
1209,Road to Ballhalla Soundtrack,"['Action', 'Adventure', 'Indie', 'Racing']"
1211,Red vs. Blue: The Blood Gulch Chronicles (Volume 1),['none']
1211,Red vs. Blue: The Blood Gulch Chronicles (Volume 2),['none']
1211,Red vs. Blue: The Blood Gulch Chronicles (Volume 3),['none']
1211,Red vs. Blue: The Blood Gulch Chronicles (Volume 4),['none']
1211,Red vs. Blue: The Blood Gulch Chronicles (Volume 5),['none']
1212,Red vs. Blue: Reconstruction (Volume 6),['none']
1212,Red vs. Blue: Recreation (Volume 7),['none']
1212,Red vs. Blue: Revelation (Volume 8),['none']
1212,Red vs. Blue: Volume 9,['none']
1212,Red vs. Blue: Season 10,['none']
1213,Red vs. Blue: Volume 11,['none']
1213,Red vs. Blue: Volume 12,['none']
1213,Red vs. Blue: Season 13,['none']
1215,Enigmatis: The Ghosts of Maple Creek,"['Adventure', 'Casual']"
1215,Enigmatis 2: The Mists of Ravenwood,"['Adventure', 'Casual']"
1215,Enigmatis 3: The Shadow of Karkhala,"['Adventure', 'Casual']"
1216,Elementary My Dear Majesty!,['Casual']
1216,Sacra Terra: Angelic Night,"['Adventure', 'Casual']"
1216,Hidden Object Bundle 5 in 1,"['Adventure', 'Casual']"
1216,Heroes of Hellas 3: Athens,"['Casual', 'Strategy']"
1216,Hidden Object Bundle 4 in 1,['Casual']
1216,Mountain Crime: Requital,"['Adventure', 'Casual']"
1216,Meridian: Age of Invention,['Casual']
1216,Goblin Defenders: Steel‘n’ Wood,"['Adventure', 'Casual', 'Strategy']"
1216,Rescue Team 5,"['Adventure', 'Casual', 'Strategy']"
1216,Incredible Dracula: Chasing Love Collector's Edition,"['Adventure', 'Casual', 'Strategy']"
1216,Hidden Object 6-in-1 bundle,['Casual']
1216,Weather Lord: Following the Princess Collector's Edition,"['Adventure', 'Casual', 'Strategy']"
1216,Prehistoric Tales,"['Adventure', 'Casual', 'Strategy']"
1216,Miko Mole,"['Adventure', 'Casual', 'Indie']"
1216,House of Snark 6-in-1 Bundle,"['Adventure', 'Casual']"
1217,Reigns,"['Adventure', 'Indie', 'RPG', 'Simulation']"
1217,Reigns - Soundtrack,"['Adventure', 'Indie', 'RPG', 'Simulation']"
1217,Reigns - Companion Book,"['Adventure', 'Indie', 'RPG', 'Simulation']"
1217,Reigns - Songs of Reigns: Interactive OST,"['Adventure', 'Indie', 'RPG', 'Simulation']"
1219,Through Abandoned,"['Adventure', 'Indie']"
1219,Through Abandoned 2. The Forest,"['Adventure', 'Indie']"
1222,Madness Cubed,"['Action', 'Adventure', 'Indie', 'Massively Multiplayer', 'Simulation']"
1222,Killbot,"['Action', 'Adventure', 'Indie', 'Massively Multiplayer', 'Simulation']"
1225,Line of Sight,"['Action', 'Early Access']"
1225,Line of Sight - Founders Pack,['Action']
1226,Selma and the Wisp,"['Adventure', 'Casual', 'Indie']"
1226,Selma and the Wisp - Soundtrack,"['Adventure', 'Casual', 'Indie']"
1228,Space Ribbon,"['Action', 'Casual', 'Indie', 'Racing', 'Simulation', 'Sports', 'Early Access']"
1228,Space Ribbon - Soundtrack Pack,"['Action', 'Casual', 'Indie', 'Racing', 'Simulation', 'Sports']"
1229,Overlord™,['RPG']
1229,Overlord II,['RPG']
1229,Overlord™: Raising Hell,['RPG']
1229,Overlord: Fellowship of Evil,"['Action', 'Adventure']"
1231,Big Pharma,"['Indie', 'Simulation', 'Strategy']"
1231,Big Pharma: Marketing and Malpractice,"['Indie', 'Simulation', 'Strategy']"
1232,Resident Evil 6 / Biohazard 6,"['Action', 'Adventure']"
1232,resident evil 4 / biohazard 4,"['Action', 'Adventure']"
1232,Resident Evil™ 5/ Biohazard 5®,"['Action', 'Adventure']"
1233,Hexoscope,"['Casual', 'Indie']"
1233,Hexoscope OST,"['Casual', 'Indie']"
1233,Hexoscope Collector's Edition Content,"['Casual', 'Indie']"
1241,Keep Talking and Nobody Explodes,['Indie']
1241,Keep Talking and Nobody Explodes - Soundtrack,['Indie']
1243,Battlefield: Bad Company™ 2,['Action']
1243,Battlefield: Bad Company 2 Vietnam,['Action']
1243,Battlefield Bad Company 2: SPECACT Kit Upgrade,['Action']
1245,SPORE™,['Simulation']
1245,SPORE™ Creepy & Cute Parts Pack,['Simulation']
1245,SPORE™ Galactic Adventures,"['Action', 'Simulation']"
1246,Jade Empire™: Special Edition,['RPG']
1246,Mass Effect,"['Action', 'RPG']"
1246,Mass Effect 2 Digital Deluxe Edition,['RPG']
1246,Dragon Age: Origins - Ultimate Edition,['RPG']
1247,The Sims™ 3,['Simulation']
1247,The Sims™ 3 Generations,['Simulation']
1247,The Sims™ 3 Pets,['Simulation']
1247,The Sims 3: Seasons,['Simulation']
1248,Shmups Skill Test,['Action']
1248,MINUS ZERO,['Action']
1248,EXZEAL,['Action']
1248,TRIZEAL Remix,['Action']
1248,MINUS ZERO - Original Sound Track,['none']
1248,Shmups Skill Test Original Soundtrack,['none']
1248,EXZEAL Original Soundtrack,['none']
1248,TRIZEAL Original Soundtrack,['none']
1250,Genius Greedy Mouse,"['Action', 'Adventure', 'Casual', 'Indie', 'Strategy']"
1250,Karma Miwa,"['Action', 'Adventure', 'Casual', 'Indie']"
1252,Energy Balance,"['Casual', 'Indie']"
1252,Energy Balance Soundtrack,"['Casual', 'Indie']"
1252,Energy Cycle,"['Casual', 'Indie']"
1252,Energy Cycle Soundtrack,"['Casual', 'Indie']"
1252,Energy Cycle Collector's Edition Content,"['Casual', 'Indie']"
1258,Notch - The Innocent LunA: Eclipsed SinnerS,"['Adventure', 'Casual', 'Indie']"
1258,Notch Original Soundtrack - Alpha Episode,"['Casual', 'Indie']"
1258,Notch Original Soundtrack - Omega Episode,"['Casual', 'Indie']"
1258,Notch - Deluxe Content DLC,"['Adventure', 'Casual', 'Indie']"
1259,Gone In November,"['Adventure', 'Indie']"
1259,Gone In November Collector's Edition Content,"['Adventure', 'Indie']"
1264,Naruto Shippuden Uncut: Homecoming,['none']
1264,Naruto Shippuden Uncut: The Akatsuki Makes Its Move,['none']
1264,Naruto Shippuden Uncut: The Results of Training,['none']
1264,Naruto Shippuden Uncut: The Jinchuriki of the Sand,['none']
1264,Naruto Shippuden Uncut: The Kazekage Stands Tall,['none']
1264,Naruto Shippuden Uncut: Mission Cleared,['none']
1264,"Naruto Shippuden Uncut: Run, Kankuro",['none']
1264,"Naruto Shippuden Uncut: Team Kakashi, Deployed",['none']
1264,Naruto Shippuden Uncut: The Jinchuriki's Tears,['none']
1264,Naruto Shippuden Uncut: Sealing Jutsu: Nine Phantom Dragons,['none']
1264,Naruto Shippuden Uncut: The Medical Ninja's Student,['none']
1264,Naruto Shippuden Uncut: The Retired Granny's Determination,['none']
1264,Naruto Shippuden Uncut: A Meeting With Destiny,['none']
1265,Mystery Case Files: Huntsville,['Casual']
1265,Mystery Case Files: Madame Fate,['Casual']
1265,Mystery Case Files: Prime Suspects,['Casual']
1265,Mystery Case Files: Ravenhearst,['Casual']
1265,Mystery Case Files: Return to Ravenhearst,['Casual']
1265,Mystery Case Files®: Escape from Ravenhearst™,"['Adventure', 'Casual']"
1265,Mystery Case Files®: 13th Skull™ Collector's Edition,"['Adventure', 'Casual']"
1266,Click Space Miner,"['Action', 'Casual', 'Indie']"
1266,Space Click Miner - Expansion Pack,"['Action', 'Casual', 'Indie']"
1267,Koala Kids,['Indie']
1267,3DRPG,"['Adventure', 'Indie', 'RPG']"
1267,Oh No! Bugs!,"['Casual', 'Indie']"
1268,18 Wheels of Steel: American Long Haul,['Racing']
1268,18 Wheels of Steel: Extreme Trucker,['Simulation']
1268,18 Wheels of Steel: Extreme Trucker 2,['Simulation']
1271,Malus Code,['Adventure']
1271,Malus Code - Original Soundtrack,['Adventure']
1274,Tiger & Bunny The Movie: The Beginning,['none']
1274,Tiger & Bunny The Movie 2: The Rising,['none']
1275,Uprising: Join or Die,"['Action', 'Strategy']"
1275,Uprising 2: Lead and Destroy,"['Action', 'Strategy']"
1282,Vanguard Princess Hilda Rize,"['Action', 'Casual', 'Indie']"
1282,Vanguard Princess Lilith,"['Action', 'Casual', 'Indie']"
1282,Vanguard Princess Kurumi,"['Action', 'Casual', 'Indie']"
1282,Artwork and Soundtrack,"['Action', 'Casual', 'Indie']"
1284,Black Sand Drift,"['Casual', 'Indie']"
1284,Black Sand Drift Collector's Edition Content,"['Casual', 'Indie']"
1288,Project Pulsation,"['Action', 'Adventure']"
1288,Project Pulsation - Soundtracks,"['Action', 'Adventure']"
1288,Z.I.O.N.,"['Action', 'Adventure']"
1288,Z.I.O.N. - Soundtracks,"['Action', 'Adventure']"
1288,Invisible Mind,"['Adventure', 'Indie']"
1289,Rock 'N' Roll Defense,"['Action', 'Adventure', 'Casual', 'Strategy']"
1289,Rock 'N' Roll Defense - Soundtrack,"['Action', 'Adventure', 'Strategy']"
1290,BitRay,"['Casual', 'Indie']"
1290,BitRay2,"['Casual', 'Indie']"
1291,Talisman: Prologue,"['Indie', 'RPG', 'Strategy']"
1291,Talisman: Digital Edition,"['Indie', 'RPG', 'Strategy']"
1291,Talisman: The Horus Heresy,['Strategy']
1293,XIIZEAL,['Action']
1293,DELTAZEAL,['Action']
1293,XIIZEAL Original Soundtrack,['Action']
1293,DELTAZEAL Original Soundtrack,['Action']
1293,Shmups Skill Test,['Action']
1293,MINUS ZERO,['Action']
1293,EXZEAL,['Action']
1293,TRIZEAL Remix,['Action']
1293,MINUS ZERO - Original Sound Track,['none']
1293,Shmups Skill Test Original Soundtrack,['none']
1293,EXZEAL Original Soundtrack,['none']
1293,TRIZEAL Original Soundtrack,['none']
1295,Bloxiq VR,"['Casual', 'Indie', 'Strategy']"
1295,Buy Bloxiq Soundtrack,"['Casual', 'Indie', 'Strategy']"
1297,Optika,"['Adventure', 'Casual', 'Indie']"
1297,Optika - Soundtrack,"['Adventure', 'Casual', 'Indie']"
1303,Avadon: The Black Fortress,"['RPG', 'Indie']"
1303,Geneforge Saga,"['Strategy', 'RPG', 'Indie']"
1303,Avernum: Escape From the Pit,"['Strategy', 'RPG', 'Indie']"
1303,Avernum 4,"['RPG', 'Indie']"
1303,Avernum 5,"['RPG', 'Indie']"
1303,Avernum 6,"['RPG', 'Indie']"
1303,Nethergate: Resurrection,"['Strategy', 'RPG', 'Indie']"
1303,Avadon 2: The Corruption,"['Indie', 'RPG', 'Strategy']"
1303,Avernum 2: Crystal Souls,"['Adventure', 'Indie', 'RPG', 'Strategy']"
1307,Now You See Me,['none']
1307,Now You See Me 2,['none']
1324,Naruto Shippuden Uncut: Naruto's Growth,['none']
1324,Naruto Shippuden Uncut: The Secret Weapon is Called….,['none']
1324,Naruto Shippuden Uncut: The Secret of Jinchuriki,['none']
1324,Naruto Shippuden Uncut: The Death of Gaara!,['none']
1324,Naruto Shippuden Uncut: Charge Tactic! Button Hook Entry!!,['none']
1324,Naruto Shippuden Uncut: Traps Activate! Team Guy's Enemy,['none']
1324,Naruto Shippuden Uncut: Hiruko vs. Two Kunoichi!,['none']
1324,Naruto Shippuden Uncut: Sasori's Real Face,['none']
1324,Naruto Shippuden Uncut: Chiyo's Secret Skills,['none']
1324,Naruto Shippuden Uncut: Father and Mother,['none']
1324,Naruto Shippuden Uncut: The Third Kazekage,['none']
1324,Naruto Shippuden Uncut: Three Minutes Between Life and Death,['none']
1324,Naruto Shippuden Uncut: Puppet Fight: 10 vs. 100!,['none']
1328,SHINRAI - Broken Beyond Despair,"['Adventure', 'Indie']"
1328,SHINRAI - Broken Beyond Despair Soundtrack,['Indie']
1330,The Final Station,"['Action', 'Adventure', 'Indie']"
1330,The Final Station OST and Artbook DLC,"['Action', 'Adventure', 'Indie']"
1332,City of Fools,"['Adventure', 'Casual', 'Indie']"
1332,Green Moon,"['Adventure', 'Casual', 'Indie']"
1332,Bathory - The Bloody Countess,"['Adventure', 'Casual', 'Indie']"
1333,Mugen Souls Z - Ultimate Weapon Bundle,"['Adventure', 'RPG', 'Strategy']"
1333,Mugen Souls Z - Overwhelming Weapon Bundle,"['Adventure', 'RPG', 'Strategy']"
1333,Mugen Souls Z - Jiggly Co. Equipment Bundle 3,"['Adventure', 'RPG', 'Strategy']"
1333,Mugen Souls Z - Overwhelming G Up Fever Bundle,"['Adventure', 'RPG', 'Strategy']"
1333,Mugen Souls Z - Overwhelming Ticket Bundle,"['Adventure', 'RPG', 'Strategy']"
1333,Mugen Souls Z - Clothing Bundle 1,"['Adventure', 'RPG', 'Strategy']"
1333,Mugen Souls Z - Clothing Bundle 2,"['Adventure', 'RPG', 'Strategy']"
1333,Mugen Souls Z - Character Clothing Bundle,"['Adventure', 'RPG', 'Strategy']"
1333,Mugen Souls Z - Ultimate Unlocks Bundle,"['Adventure', 'RPG', 'Strategy']"
1333,Mugen Souls Z - Overwhelming Point Fever Bundle,"['Adventure', 'RPG', 'Strategy']"
1333,Mugen Souls Z - Overwhelming G Fever Bundle,"['Adventure', 'RPG', 'Strategy']"
1333,Mugen Souls Z - Overwhelming Mugen Point Fever Bundle,"['Adventure', 'RPG', 'Strategy']"
1336,Hyperdimension Neptunia Re;Birth1 / 超次次元ゲイム ネプテューヌRe;Birth1,"['RPG', 'Strategy']"
1336,Hyperdimension Neptunia Re;Birth1 Deluxe Pack / DELUXEセット（ディジタル限定版）,"['RPG', 'Strategy']"
1337,Naruto Shippuden Uncut: Beasts: Alive Again!,['none']
1337,Naruto Shippuden Uncut: Kakashi Enlightened!,['none']
1337,Naruto Shippuden Uncut: Aesthetics of an Instant,['none']
1337,Naruto Shippuden Uncut: The Legacy,['none']
1337,Naruto Shippuden Uncut: Return of the Kazekage,['none']
1337,Naruto Shippuden Uncut: The New Target,['none']
1337,Naruto Shippuden Uncut: Formation! New Team Kakashi,['none']
1337,Naruto Shippuden Uncut: An Unnecessary Addition,['none']
1337,Naruto Shippuden Uncut: The Fake Smile,['none']
1337,Naruto Shippuden Uncut: Untitled,['none']
1337,Naruto Shippuden Uncut: Simulation,['none']
1337,Naruto Shippuden Uncut: The Tenchi Bridge,['none']
1337,Naruto Shippuden Uncut: Impossible Dream,['none']
1339,12 is Better Than 6,"['Action', 'Indie']"
1339,Soundtrack,"['Action', 'Indie']"
1339,12 is Better Than 6 Art Book,"['Action', 'Indie']"
1340,Hyperdimension Neptunia Re;Birth1 / 超次次元ゲイム ネプテューヌRe;Birth1,"['RPG', 'Strategy']"
1340,Hyperdimension Neptunia Re;Birth1 Additional Content3 / コンテンツ追加パック３,"['RPG', 'Strategy']"
1340,Hyperdimension Neptunia Re;Birth1 Plutia Battle Entry / プルルートバトル参加ライセンス,"['RPG', 'Strategy']"
1340,Hyperdimension Neptunia Re;Birth1 Peashy Battle Entry / ピーシェバトル参加ライセンス,"['RPG', 'Strategy']"
1340,Hyperdimension Neptunia Re;Birth1 Histoire Battle Entry / イストワールバトル参加ライセンス,"['RPG', 'Strategy']"
1340,Hyperdimension Neptunia Re;Birth1 Additional Content1 / コンテンツ追加パック１,"['RPG', 'Strategy']"
1340,Hyperdimension Neptunia Re;Birth1 Additional Content2 / コンテンツ追加パック２,"['RPG', 'Strategy']"
1340,Hyperdimension Neptunia Re;Birth1 Deluxe Pack / DELUXEセット（ディジタル限定版）,"['RPG', 'Strategy']"
1343,Naruto Shippuden Uncut: The Nine Tails Unleashed,['none']
1343,Naruto Shippuden Uncut: The Top-Secret Mission Begins,['none']
1343,Naruto Shippuden Uncut: Orochimaru vs. Jinchuuriki,['none']
1343,Naruto Shippuden Uncut: Sakura's Tears,['none']
1343,Naruto Shippuden Uncut: The Secret of the Battle!,['none']
1343,Naruto Shippuden Uncut: The Consequences of Betryal,['none']
1343,Naruto Shippuden Uncut: The Unfinished Page,['none']
1343,Naruto Shippuden Uncut: Infiltration: The Den of the Snake!,['none']
1343,Naruto Shippuden Uncut: Bonds,['none']
1343,Naruto Shippuden Uncut: Something Important?,['none']
1343,Naruto Shippuden Uncut: The Picture Book's Story,['none']
1343,Naruto Shippuden Uncut: Reunion,['none']
1343,Naruto Shippuden Uncut: The Power of Uchiha,['none']
1343,Naruto Shippuden Uncut: Title,['none']
1349,NeuroVoider,"['Action', 'Indie', 'RPG']"
1349,NeuroVoider - Deluxe Upgrade,"['Action', 'Indie', 'RPG']"
1350,Deus Ex: Mankind Divided,"['Action', 'RPG']"
1350,Deus Ex: Mankind Divided™ DLC - Season Pass,"['Action', 'RPG']"
1351,Deus Ex: Mankind Divided,"['Action', 'RPG']"
1351,Steam Controller,['none']
1352,Deus Ex: Mankind Divided,"['Action', 'RPG']"
1352,Steam Controller,['none']
1352,Deus Ex: Mankind Divided™ DLC - Season Pass,"['Action', 'RPG']"
1355,Automobilista,"['Racing', 'Simulation', 'Sports']"
1355,Automobilista - Season Pass for all DLCs,"['Racing', 'Simulation', 'Sports']"
1356,Hard Truck Apocalypse / Ex Machina,"['Action', 'Racing', 'RPG']"
1356,Sledgehammer / Gear Grinder,"['Action', 'Racing']"
1356,Hard Truck Apocalypse: Rise Of Clans / Ex Machina: Meridian 113,"['Action', 'Racing']"
1356,Hard Truck Apocalypse: Arcade / Ex Machina: Arcade,"['Action', 'Racing']"
1356,Marauder,"['RPG', 'Strategy']"
1361,Just Deserts,"['Casual', 'Indie', 'Simulation', 'Strategy']"
1361,Just Deserts - Swimwear Set,"['Casual', 'Indie', 'Simulation', 'Strategy']"
1361,Just Deserts - Sleepwear Costume Set,"['Casual', 'Indie', 'Simulation', 'Strategy']"
1361,Just Deserts - School Uniform Set,"['Casual', 'Indie', 'Simulation', 'Strategy']"
1367,Naruto Shippuden Uncut: Nightmare,['none']
1367,Naruto Shippuden Uncut: Wind,['none']
1367,Naruto Shippuden Uncut: Squirming,['none']
1367,Naruto Shippuden Uncut: Robbed of Sleep,['none']
1367,Naruto Shippuden Uncut: Loneliness,['none']
1367,Naruto Shippuden Uncut: A New Enemy,['none']
1367,Naruto Shippuden Uncut: Vicissitudes of Life,['none']
1367,Naruto Shippuden Uncut: Contact,['none']
1367,Naruto Shippuden Uncut: Teammate,['none']
1367,Naruto Shippuden Uncut: The Two Kings,['none']
1367,Naruto Shippuden Uncut: The Jet-Black Signal Fire,['none']
1367,Naruto Shippuden Uncut: Lockdown of Darkness,['none']
1368,Naruto Shippuden Uncut: Revived Souls,['none']
1368,Naruto Shippuden Uncut: Everyone's Struggle to the Death,['none']
1368,Naruto Shippuden Uncut: Moment of Awakening,['none']
1368,Naruto Shippuden Uncut: Despair,['none']
1368,Naruto Shippuden Uncut: Resonance,['none']
1368,Naruto Shippuden Uncut: My Friend,['none']
1368,Naruto Shippuden Uncut: The Quietly Approaching Threat,['none']
1368,Naruto Shippuden Uncut: Akatsuki's Invasion,['none']
1368,Naruto Shippuden Uncut: Under the Starry Sky,['none']
1368,Naruto Shippuden Uncut: The Old Monk's Prayer,['none']
1368,Naruto Shippuden Uncut: The Next Step,['none']
1368,Naruto Shippuden Uncut: Climbing Silver,['none']
1369,Naruto Shippuden Uncut: The Judgment,['none']
1369,Naruto Shippuden Uncut: Unfulfilled Scream,['none']
1369,Naruto Shippuden Uncut: Last Words,['none']
1369,Naruto Shippuden Uncut: Sad News,['none']
1369,Naruto Shippuden Uncut: Team Ten,['none']
1369,Naruto Shippuden Uncut: Target: Locked On,['none']
1369,Naruto Shippuden Uncut: Kakuzu's Abilities,['none']
1369,Naruto Shippuden Uncut: Terrifying Secret,['none']
1369,Naruto Shippuden Uncut: Shikamaru's Genius,['none']
1369,"Naruto Shippuden Uncut: When You Curse Someone, You Dig Your Own Grave",['none']
1369,Naruto Shippuden Uncut: Wind Style: Rasen Shuriken!,['none']
1370,Naruto Shippuden Uncut: The Price of Power,['none']
1370,Naruto Shippuden Uncut: A Shinobi's Determination,['none']
1370,Naruto Shippuden Uncut: Orochimaru's Hideout Discovered,['none']
1370,Naruto Shippuden Uncut: Encounter,['none']
1370,Naruto Shippuden Uncut: Connecting Hearts,['none']
1370,Naruto Shippuden Uncut: A Night of Rain,['none']
1370,Naruto Shippuden Uncut: The Two Charms,['none']
1370,Naruto Shippuden Uncut: The Unseeing Enemy,['none']
1370,Naruto Shippuden Uncut: The Labyrinth of Distorted Reflection,['none']
1370,Naruto Shippuden Uncut: The Target Appears,['none']
1370,Naruto Shippuden Uncut: The Rampaging Tailed Beast,['none']
1370,Naruto Shippuden Uncut: Inside the Mist,['none']
1371,Naruto Shippuden Uncut: Everyone's Feelings,['none']
1371,Naruto Shippuden Uncut: Regroup!,['none']
1371,Naruto Shippuden Uncut: The Four-Corner Sealing Barrier,['none']
1371,Naruto Shippuden Uncut: Breaking the Crystal Style,['none']
1371,Naruto Shippuden Uncut: Battle over the Barrier,['none']
1371,Naruto Shippuden Uncut: Red Camellia,['none']
1371,Naruto Shippuden Uncut: Strange Bedfellows,['none']
1371,Naruto Shippuden Uncut: Guidepost of the Camellia,['none']
1371,Naruto Shippuden Uncut: Counterattack of the Curse Mark,['none']
1371,Naruto Shippuden Uncut: Memory of Guilt,['none']
1371,Naruto Shippuden Uncut: Shattered Promise,['none']
1371,Naruto Shippuden Uncut: A Place to Return to,['none']
1372,Black Hole Hazard,"['Action', 'Indie']"
1372,Black Hole Hazard Soundtrack,"['Action', 'Indie']"
1373,Hue,"['Adventure', 'Indie']"
1373,Hue Official Soundtrack,"['Adventure', 'Indie']"
1376,Daylight's End VR Edition - Chapter 1,['none']
1376,Daylight's End VR Edition - Chapter 2,['none']
1376,Daylight's End VR Edition - Chapter 3,['none']
1376,Daylight's End VR Edition - Chapter 4,['none']
1376,Daylight's End VR Edition - Chapter 5,['none']
1376,Daylight's End VR Edition - Chapter 6,['none']
1376,Daylight's End VR Edition - Chapter 7,['none']
1376,Daylight's End VR Edition - Chapter 8,['none']
1376,Daylight's End VR Edition - Chapter 9,['none']
1376,Daylight's End VR Edition - Chapter 10,['none']
1378,The Orb Chambers™,"['Action', 'Casual', 'Indie', 'Strategy']"
1378,The Orb Chambers II,"['Action', 'Casual', 'Indie', 'Strategy']"
1379,Revolution 60,['Adventure']
1379,Revolution 60: Special Edition,['Adventure']
1382,RunGunJumpGun,"['Action', 'Indie']"
1382,RunGunJumpGun - Soundtrack/Special Edition Upgrade,"['Action', 'Indie']"
1385,Train Valley,"['Casual', 'Indie', 'Simulation', 'Strategy']"
1385,"Gremlins, Inc.","['Indie', 'Strategy']"
1386,Shiny,"['Action', 'Indie']"
1386,Shiny - Official Soundtrack,"['Action', 'Indie']"
1386,Shiny - Digital Artbook,"['Action', 'Indie']"
1387,Freebie,"['Casual', 'Indie']"
1387,Spikit,"['Casual', 'Indie']"
1390,Notch - The Innocent LunA: Eclipsed SinnerS,"['Adventure', 'Casual', 'Indie']"
1390,Gun Wings,"['Action', 'Casual', 'Indie']"
1392,The Metronomicon - The Soundtrack!,"['Action', 'Indie', 'RPG']"
1392,The Metronomicon,"['Action', 'Indie', 'RPG']"
1396,The Expendables,['none']
1396,The Expendables 2,['none']
1396,The Expendables 3,['none']
1399,Dead Rising® 2,"['Action', 'Adventure']"
1399,Dead Rising 2: Off the Record,"['Action', 'Adventure']"
1399,DEAD RISING®,"['Action', 'Adventure']"
1400,El Ninja,"['Casual', 'Indie']"
1400,El Ninja - Soundtrack,"['Casual', 'Indie']"
1401,Shadow Warrior 2 - Soundtrack,"['Action', 'Adventure']"
1401,Shadow Warrior 2 - Solid Gold Pack,"['Action', 'Adventure']"
1401,Shadow Warrior 2 - Digital Artbook,"['Action', 'Adventure']"
1401,Shadow Warrior 2,"['Action', 'Adventure']"
1403,Steam Link,['none']
1403,John Wick,['none']
1404,SUPERFIGHT,"['Casual', 'Indie', 'Strategy']"
1404,SUPERFIGHT - The Walking Dead Deck,"['Action', 'Casual', 'Indie']"
1404,SUPERFIGHT - The Red Deck,"['Casual', 'Indie', 'Strategy']"
1404,SUPERFIGHT - The Orange Deck,"['Casual', 'Indie', 'Strategy']"
1404,SUPERFIGHT - The Digital Deck,"['Casual', 'Indie', 'Strategy']"
1404,SUPERFIGHT - The Mindcrack Deck,"['Casual', 'Indie', 'Strategy']"
1404,SUPERFIGHT - The Green Deck,"['Casual', 'Indie', 'Strategy']"
1404,SUPERFIGHT - The Anime Deck,"['Casual', 'Indie', 'Strategy']"
1404,SUPERFIGHT - The Expansion One Deck,"['Casual', 'Indie', 'Strategy']"
1406,SUPERFIGHT - The Walking Dead Deck,"['Action', 'Casual', 'Indie']"
1406,SUPERFIGHT - The Red Deck,"['Casual', 'Indie', 'Strategy']"
1406,SUPERFIGHT - The Orange Deck,"['Casual', 'Indie', 'Strategy']"
1406,SUPERFIGHT - The Digital Deck,"['Casual', 'Indie', 'Strategy']"
1406,SUPERFIGHT - The Mindcrack Deck,"['Casual', 'Indie', 'Strategy']"
1406,SUPERFIGHT - The Green Deck,"['Casual', 'Indie', 'Strategy']"
1406,SUPERFIGHT - The Anime Deck,"['Casual', 'Indie', 'Strategy']"
1406,SUPERFIGHT - The Expansion One Deck,"['Casual', 'Indie', 'Strategy']"
1407,Why So Evil,"['Action', 'Adventure', 'Casual', 'Indie']"
1407,Why So Evil 2: Dystopia,"['Action', 'Adventure', 'Casual', 'Indie']"
1407,Brilliant Bob,"['Action', 'Adventure', 'Casual', 'Indie']"
1407,Absconding Zatwor,"['Action', 'Casual', 'Indie']"
1407,Break Into Zatwor,"['Casual', 'Indie']"
1407,GooCubelets,"['Casual', 'Indie']"
1407,Fiends of Imprisonment,"['Casual', 'Indie']"
1407,GooCubelets 2,"['Casual', 'Indie']"
1407,GooCubelets: The Algoorithm,"['Casual', 'Indie']"
1407,They Came From The Moon,"['Casual', 'Indie']"
1407,Beast Blaster,"['Action', 'Casual', 'Indie']"
1407,GooCubelets: OCD,"['Casual', 'Indie']"
1407,Cyborg Detonator,"['Casual', 'Indie']"
1407,GooCubelets: The Void,"['Casual', 'Indie']"
1407,Zombie Boom,"['Action', 'Casual', 'Indie']"
1409,Rage Parking Simulator 2016,"['Casual', 'Indie', 'Racing']"
1409,Torch Cave,"['Casual', 'Indie']"
1410,The Last Photon,"['Casual', 'Indie']"
1410,The First Spark,"['Casual', 'Indie']"
1410,Tracks of Triumph: Industrial Zone,"['Casual', 'Indie']"
1418,Bejeweled 2 Deluxe,['Casual']
1418,Bejeweled Deluxe,['Casual']
1418,Zuma Deluxe,['Casual']
1418,Feeding Frenzy 2 Deluxe,['Casual']
1418,Chuzzle Deluxe,['Casual']
1418,Insaniquarium Deluxe,['Casual']
1418,Dynomite Deluxe,['Casual']
1418,Iggle Pop Deluxe,['Casual']
1418,Pizza Frenzy Deluxe,['Casual']
1418,Typer Shark! Deluxe,['Casual']
1418,AstroPop Deluxe,['Casual']
1418,Heavy Weapon Deluxe,['Casual']
1418,Rocket Mania Deluxe,['Casual']
1418,Hammer Heads Deluxe,['Casual']
1418,Big Money! Deluxe,['Casual']
1418,Talismania Deluxe,['Casual']
1418,Peggle Deluxe,['Casual']
1418,Peggle™ Nights,['Casual']
1418,Bejeweled Twist,"['Strategy', 'Casual']"
1418,The Wizard's Pen™,['Casual']
1418,Plants vs. Zombies GOTY Edition,['Strategy']
1418,Zuma's Revenge!,"['Action', 'Casual']"
1418,Bejeweled® 3,"['Strategy', 'Casual']"
1419,Naruto Shippuden Uncut: The Serpent's Pupil,['none']
1419,Naruto Shippuden Uncut: Eye of the Hawk,['none']
1419,Naruto Shippuden Uncut: Zabuza's Blade,['none']
1419,Naruto Shippuden Uncut: Guardian of the Iron Wall,['none']
1419,Naruto Shippuden Uncut: Jugo of the Northern Hideout,['none']
1419,Naruto Shippuden Uncut: S10E06,['none']
1419,Naruto Shippuden Uncut: S10E07,['none']
1419,Naruto Shippuden Uncut: Kakashi Chronicles - A Boy's Life on the Battlefield - Part 2,['none']
1419,Naruto Shippuden Uncut: S10E09,['none']
1419,Naruto Shippuden Uncut: The Hunt,['none']
1419,Naruto Shippuden Uncut: Clash!,['none']
1419,Naruto Shippuden Uncut: Art,['none']
1419,Naruto Shippuden Uncut: Disappearance,['none']
1419,Naruto Shippuden Uncut: Twilight,['none']
1420,"Naruto Shippuden Uncut: Tales of a Gutsy Ninja: Jiraiya Ninja Scrolls, Part 1",['none']
1420,"Naruto Shippuden Uncut: Tales of a Gutsy Ninja : Jiraiya Ninja Scrolls, Part 2",['none']
1420,Naruto Shippuden Uncut: Infiltrate! The Village Hidden in the Rain,['none']
1420,Naruto Shippuden Uncut: The Man Who Became God,['none']
1420,Naruto Shippuden Uncut: Honored Sage Mode!,['none']
1420,"Naruto Shippuden Uncut: In Attendance, The Six Paths of Pain",['none']
1420,Naruto Shippuden Uncut: The Tale of Jiraiya the Gallant,['none']
1420,Naruto Shippuden Uncut: Banquet Invitation,['none']
1420,Naruto Shippuden Uncut: The Longest Moment...,['none']
1420,Naruto Shippuden Uncut: The Light & Dark of the Mangekyo Sharingan,['none']
1420,Naruto Shippuden Uncut: Amaterasu!,['none']
1420,Naruto Shippuden Uncut: The End,['none']
1420,Naruto Shippuden Uncut: The Mystery of Tobi,['none']
1420,Naruto Shippuden Uncut: Fate,['none']
1421,Naruto Shippuden Uncut: Truth,['none']
1421,Naruto Shippuden Uncut: Battle of Unraikyo,['none']
1421,Naruto Shippuden Uncut: The Eight Tails vs Sasuke,['none']
1421,Naruto Shippuden Uncut: Wanderer,['none']
1421,Naruto Shippuden Uncut: Successor of the Forbidden Jutsu,['none']
1421,Naruto Shippuden Uncut: The Successor's Wish,['none']
1421,Naruto Shippuden Uncut: Rogue Ninja's Past,['none']
1421,Naruto Shippuden Uncut: Heir to Darkness,['none']
1421,Naruto Shippuden Uncut: Separation,['none']
1421,Naruto Shippuden Uncut: The Forbidden Jutsu Released,['none']
1421,Naruto Shippuden Uncut: Master and Student,['none']
1421,Naruto Shippuden Uncut: Somber News,['none']
1421,Naruto Shippuden Uncut: Following the Master's Shadow,['none']
1433,Naruto Shippuden Uncut: Decryption,['none']
1433,Naruto Shippuden Uncut: The First Challenge,['none']
1433,Naruto Shippuden Uncut: Surpassing the Master,['none']
1433,Naruto Shippuden Uncut: Assault on the Leaf Village!,['none']
1433,Naruto Shippuden Uncut: Power to Believe,['none']
1433,Naruto Shippuden Uncut: Pain vs Kakashi,['none']
1433,Naruto Shippuden Uncut: Mystery of Pain,['none']
1433,"Naruto Shippuden Uncut: Surname is Sarutobi! Given Name, Konohamaru!",['none']
1433,Naruto Shippuden Uncut: Pain to the World,['none']
1433,Naruto Shippuden Uncut: Explosion! Sage Mode,['none']
1433,Naruto Shippuden Uncut: Danger! Sage Mode Limit Reached,['none']
1433,"Naruto Shippuden Uncut: Nine Tails, Captured!",['none']
1433,Naruto Shippuden Uncut: Confessions,['none']
1437,Pixel Puzzles Ultimate - Puzzle Pack: Dinosaurs,"['Casual', 'Free to Play', 'Indie', 'Simulation', 'Sports', 'Strategy']"
1437,Pixel Puzzles Ultimate - Puzzle Pack: Owls,"['Casual', 'Free to Play', 'Indie', 'Simulation', 'Sports', 'Strategy']"
1437,Pixel Puzzles Ultimate - Puzzle Pack: Korea,"['Casual', 'Free to Play', 'Indie', 'Simulation', 'Sports', 'Strategy']"
1437,Pixel Puzzles Ultimate - Puzzle Pack: Dogs,"['Casual', 'Free to Play', 'Indie', 'Simulation', 'Sports', 'Strategy']"
1437,Pixel Puzzles Ultimate - Puzzle Pack: Mountains,"['Casual', 'Free to Play', 'Indie', 'Simulation', 'Sports', 'Strategy']"
1437,Pixel Puzzles Ultimate - Puzzle Pack: Da Vinci,"['Casual', 'Free to Play', 'Indie', 'Simulation', 'Sports', 'Strategy']"
1437,Pixel Puzzles Ultimate - Puzzle Pack: Rio,"['Casual', 'Free to Play', 'Indie', 'Simulation', 'Sports', 'Strategy']"
1437,Pixel Puzzles Ultimate - Puzzle Pack: Savanna,"['Casual', 'Free to Play', 'Indie', 'Simulation', 'Sports', 'Strategy']"
1437,Pixel Puzzles Ultimate - Puzzle Pack: Thailand,"['Casual', 'Free to Play', 'Indie', 'Simulation', 'Sports', 'Strategy']"
1437,Pixel Puzzles Ultimate - Puzzle Pack: Ukiyo-e,"['Casual', 'Free to Play', 'Indie', 'Simulation', 'Sports', 'Strategy']"
1440,Karma Miwa,"['Action', 'Adventure', 'Casual', 'Indie']"
1440,Neon Warp,"['Action', 'Casual', 'Indie']"
1440,Totally Unbalanced,"['Action', 'Adventure', 'Casual', 'Indie', 'Racing']"
1440,Tangled Up!,"['Action', 'Adventure', 'Casual', 'Indie', 'Strategy']"
1441,Genius Greedy Mouse,"['Action', 'Adventure', 'Casual', 'Indie', 'Strategy']"
1441,Karma Miwa,"['Action', 'Adventure', 'Casual', 'Indie']"
1441,Neon Warp,"['Action', 'Casual', 'Indie']"
1441,Go Mission: Space Travel,"['Action', 'Adventure', 'Casual', 'Indie', 'Strategy']"
1441,Tangled Up!,"['Action', 'Adventure', 'Casual', 'Indie', 'Strategy']"
1441,Void,"['Action', 'Adventure', 'Casual', 'Indie', 'Simulation', 'Strategy']"
1455,UBERMOSH,"['Action', 'Indie']"
1455,UBERMOSH: Original Soundtrack,"['Action', 'Indie']"
1455,UBERMOSH:BLACK,"['Action', 'Indie']"
1455,UBERMOSH Vol.3,"['Action', 'Indie']"
1455,SWARMRIDERS: Original Soundtrack,"['Action', 'Indie']"
1460,Meridian: New World,"['Indie', 'Strategy']"
1460,Meridian: New World Video and Soundtrack,"['Indie', 'Strategy']"
1460,Meridian: Squad 22,"['Action', 'Indie', 'Strategy']"
1460,Meridian: Squad 22 - Soundtrack,"['Action', 'Indie', 'Strategy']"
1466,Naruto Shippuden Uncut: Planetary Devastation,['none']
1466,Naruto Shippuden Uncut: Fourth Hokage,['none']
1466,Naruto Shippuden Uncut: The Two Students,['none']
1466,"Naruto Shippuden Uncut: Big Adventure! The Quest for the Fourth Hokage's Legacy, Part 1",['none']
1466,"Naruto Shippuden Uncut: Big Adventure! The Quest for the Fourth Hokage's Legacy, Part 2",['none']
1466,Naruto Shippuden Uncut: Meeting,['none']
1466,Naruto Shippuden Uncut: Origin of Pain,['none']
1466,Naruto Shippuden Uncut: The Tale of Naruto Uzumaki,['none']
1466,Naruto Shippuden Uncut: Hero of the Hidden Leaf,['none']
1466,Naruto Shippuden Uncut: Rookie Teacher Iruka,['none']
1466,Naruto Shippuden Uncut: Iruka's Ordeal,['none']
1466,Naruto Shippuden Uncut: Iruka's Decision,['none']
1466,"Naruto Shippuden Uncut: Kakashi Hatake, The Jonin in Charge",['none']
1468,Overlord™,['RPG']
1468,GRID™,['Racing']
1468,Rise of the Argonauts,['RPG']
1468,Hospital Tycoon,['Simulation']
1468,Maelstrom: The Battle for Earth Begins,['Strategy']
1468,Damnation,"['Action', 'Adventure']"
1468,Overlord II,['RPG']
1468,Operation Flashpoint: Dragon Rising,['Action']
1468,Overlord™: Raising Hell,['RPG']
1468,F1 2010™,"['Racing', 'Simulation', 'Sports']"
1468,Operation Flashpoint: Red River,"['Action', 'Strategy']"
1468,F1 2011,"['Racing', 'Simulation', 'Sports']"
1468,DiRT Showdown,"['Action', 'Racing', 'Sports']"
1468,F1 2012™,"['Racing', 'Simulation', 'Sports']"
1468,F1 Race Stars - Europe Track DLC,['Racing']
1468,F1 RACE STARS™,['Racing']
1468,F1 Race Stars - Games Accessory Pack,['Racing']
1468,F1 Race Stars - Music Accessory Pack,['Racing']
1468,F1 Race Stars - Princess Accessory Pack,['Racing']
1468,F1 Race Stars - Science Accessory Pack,['Racing']
1468,F1 Race Stars - Nature Accessory Pack,['Racing']
1468,F1 Race Stars - Monster Accessory Pack,['Racing']
1468,F1 Race Stars - Holiday Accessory Pack,['Racing']
1468,F1 Race Stars - Canada Track,['Racing']
1468,F1 Race Stars - China Track,['Racing']
1468,F1 Race Stars - India Track,['Racing']
1468,GRID 2 - Super Modified Pack,"['Racing', 'Sports']"
1468,GRID 2,"['Racing', 'Sports']"
1468,GRID 2 - GTR Racing Pack,"['Racing', 'Sports']"
1468,GRID 2 - McLaren Racing Pack,"['Racing', 'Sports']"
1468,GRID 2 - Headstart Pack,"['Racing', 'Sports']"
1468,GRID 2 - IndyCar Pack,"['Racing', 'Sports']"
1468,GRID 2 - Car Unlock Pack,"['Racing', 'Sports']"
1468,GRID 2 - Drift Pack,"['Racing', 'Sports']"
1468,GRID 2 - Peak Performance Pack,"['Racing', 'Sports']"
1468,GRID Autosport,"['Racing', 'Sports']"
1468,GRID 2 - Spa-Francorchamps Track Pack,"['Racing', 'Sports']"
1468,GRID 2 - Bathurst Track Pack,"['Racing', 'Sports']"
1468,GRID 2 - Classic GRID Pack,"['Racing', 'Sports']"
1468,GRID Autosport - Black Edition Pack,"['Racing', 'Sports']"
1468,GRID Autosport - Boost Pack,"['Racing', 'Sports']"
1468,GRID Autosport - Premium Garage Pack,"['Racing', 'Sports']"
1468,F1 2015,"['Racing', 'Sports']"
1468,Toybox Turbos,['Racing']
1468,Colin McRae Rally,"['Racing', 'Sports']"
1468,GRID Autosport - Best of British Pack,"['Racing', 'Sports']"
1468,GRID Autosport - Coupé Style Pack,"['Racing', 'Sports']"
1468,GRID Autosport - Sprint Pack,"['Racing', 'Sports']"
1468,GRID Autosport - Road & Track Car Pack,"['Racing', 'Sports']"
1468,GRID Autosport - Touring Legends Pack,"['Racing', 'Sports']"
1468,GRID Autosport - Drag Pack,['none']
1468,DiRT Rally,"['Racing', 'Simulation', 'Sports']"
1468,F1 2014,"['Racing', 'Sports']"
1468,DiRT 3 Complete Edition,"['Racing', 'Simulation', 'Sports']"
1468,F1 2016,"['Racing', 'Simulation', 'Sports']"
1468,Overlord: Fellowship of Evil,"['Action', 'Adventure']"
1471,18 Wheels of Steel: Across America,['Simulation']
1471,18 Wheels of Steel: Convoy,['Simulation']
1471,18 Wheels of Steel: Haulin’,['Simulation']
1472,Naruto Shippuden Uncut: Inari's Courage Put to the Test,['none']
1472,Naruto Shippuden Uncut: Naruto's School of Revenge,['none']
1472,Naruto Shippuden Uncut: Gaara's Bond,['none']
1472,Naruto Shippuden Uncut: Naruto: Outbreak,['none']
1472,Naruto Shippuden Uncut: Deploy! Team Tenten,['none']
1472,Naruto Shippuden Uncut: Animal District,['none']
1472,"Naruto Shippuden Uncut: Ah, the Medicine of Youth",['none']
1472,Naruto Shippuden Uncut: Gutsy Master and Student: The Training,['none']
1472,Naruto Shippuden Uncut: Record of the Gutsy Ninja Master and Student,['none']
1472,Naruto Shippuden Uncut: Sasuke's Paw Encyclopedia,['none']
1472,Naruto Shippuden Uncut: Naruto and the Old Soldier,['none']
1472,Naruto Shippuden Uncut: Kakashi Love Song,['none']
1472,Naruto Shippuden Uncut: Neji Chronicles,['none']
1473,Naruto Shippuden Uncut: The Man Who Died Twice,['none']
1473,Naruto Shippuden Uncut: The Worst Three-Legged Race,['none']
1473,Naruto Shippuden Uncut: Team 10's Teamwork,['none']
1473,Naruto Shippuden Uncut: Drive Towards Darkness,['none']
1473,Naruto Shippuden Uncut: The Sixth Hokage Danzo,['none']
1473,Naruto Shippuden Uncut: The Eve of the Five Kage Summit,['none']
1473,Naruto Shippuden Uncut: Enter the Five Kage!,['none']
1473,Naruto Shippuden Uncut: Naruto's Plea,['none']
1473,Naruto Shippuden Uncut: A Painful Decision,['none']
1473,Naruto Shippuden Uncut: Racing Lightning,['none']
1473,Naruto Shippuden Uncut: Sasuke's Ninja Way,['none']
1473,Naruto Shippuden Uncut: Power of the Five Kage,['none']
1473,Naruto Shippuden Uncut: Declaration of War,['none']
1474,Naruto Shippuden Uncut: Sakura's Feelings,['none']
1474,Naruto Shippuden Uncut: The Tailed Beast vs The Tailless Tailed Beast,['none']
1474,Naruto Shippuden Uncut: As One's Friend,['none']
1474,Naruto Shippuden Uncut: Danzo's Right Arm,['none']
1474,Naruto Shippuden Uncut: The Forbidden Visual Jutsu,['none']
1474,Naruto Shippuden Uncut: Danzo Shimura,['none']
1474,Naruto Shippuden Uncut: Sakura's Resolve,['none']
1474,Naruto Shippuden Uncut: Lost Bonds,['none']
1474,Naruto Shippuden Uncut: The Burden,['none']
1474,Naruto Shippuden Uncut: Two Fates,['none']
1474,Naruto Shippuden Uncut: High-Level Shinobi,['none']
1474,Naruto Shippuden Uncut: Infiltrator,['none']
1474,Naruto Shippuden Uncut: The Five Great Nations Mobilize,['none']
1477,Halcyon 6: Starbase Commander,"['Indie', 'RPG', 'Simulation', 'Strategy']"
1477,Halcyon 6: Starbase Commander - Soundtrack,"['Indie', 'RPG', 'Simulation', 'Strategy']"
1478,Paws and Claws: Pet Vet,"['Casual', 'Simulation']"
1478,Paws and Claws: Pet School,"['Casual', 'Simulation']"
1478,Paws and Claws: Pampered Pets,"['Casual', 'Simulation']"
1478,Miss Popularity,"['Casual', 'Simulation']"
1478,Fetch It Again,"['Casual', 'Simulation']"
1478,The Search for Amelia Earhart,['Casual']
1478,Mahjongg Investigations: Under Suspicion,['Casual']
1478,Ride! Carnival Tycoon,['Simulation']
1478,Mission Runway,['Simulation']
1482,Toki Tori,"['Casual', 'Indie']"
1482,Toki Tori 2+,"['Adventure', 'Casual', 'Indie']"
1482,RUSH,"['Strategy', 'Indie', 'Casual']"
1482,EDGE,"['Action', 'Indie']"
